observation_date,Labor_Tightness_Index,Labor_Stress_Index,Labor_Mobility_Index,Labor_Compensation_Pressure_Index,Frozen_Market_Index,Frozen_Market_Index_Smoothed,Freeze_Label
2000-12-01,-0.145209425437077,-1.179121595377994,-0.03507488095191687,1.6781487235321213,0.1698278586357803,,Mild Freeze
2001-01-01,-0.4889796301272527,-1.1390285727140343,0.3619093991049702,1.6781487235321213,0.16654759546009235,0.1722753972409435,Mild Freeze
2001-02-01,-0.4889796301272527,-1.0839688390519426,0.28716707356274646,1.603959232995268,0.1804507376269579,0.17589366911000306,Mild Freeze
2001-03-01,-0.3170945277821648,-1.05381384212861,0.144509221676987,1.603959232995268,0.18068267424295897,0.22038269790191975,Mild Freeze
2001-04-01,-1.1781632727195326,-1.0592481236934306,0.41667648808396274,1.4978200664012302,0.30001468183584235,0.2201130376193224,Mild Freeze
2001-05-01,-0.4908264497548184,-1.0389303864366488,0.10930491317754343,1.375975876976037,0.1796417567791658,0.26684291099750806,Mild Freeze
2001-06-01,-0.8366470604881969,-0.9641369886455805,-0.04041811310009124,1.3705609925673568,0.3208722943775161,0.2351266002782306,Mild Freeze
2001-07-01,-0.4920625101354726,-0.9283391611962601,0.04063185225768016,1.2963715020305073,0.20486574967800988,0.24890832180482966,Mild Freeze
2001-08-01,-0.4926878112692153,-0.8474700562380599,0.025691895568621923,1.2644218259733184,0.22098692135896295,0.23155046477480043,Mild Freeze
2001-09-01,-0.31956664854347316,-0.7363108072011593,-0.3228266236107623,1.1691124281966376,0.2687987232874285,0.22542034119398502,Mild Freeze
2001-10-01,0.02791173728866507,-0.5872698648855078,-0.27157506466531905,1.089508053251108,0.1864753789355636,0.2831138184617444,Mild Freeze
2001-11-01,-0.4926878112692153,-0.5250848628643043,-0.5722279942899667,1.0364384699540872,0.3940673531622412,0.30325645763345493,Severe Freeze
2001-12-01,-0.31873776099409334,-0.5095223026904356,-0.44471784330398667,1.0629732616025958,0.32922664080256003,0.36516416840340843,Mild Freeze
2002-01-01,-1.0095646367983018,-0.5165469311812991,-0.033527359947458965,0.9622489794172346,0.3721985112454241,0.36107283255455264,Severe Freeze
2002-02-01,-0.6637294841780921,-0.5094759933082303,-0.4529107266552584,0.9200091649375746,0.3817933456156737,0.407569025803132,Severe Freeze
2002-03-01,-1.0095646367983018,-0.4761947297838051,-0.5222060924264834,0.8192848827522129,0.4687152205482983,0.34935518323967196,Severe Freeze
2002-04-01,-0.14582018468398847,-0.37624559886745884,-0.3708673539649632,0.6497859944386832,0.197556983555044,0.31839217608729536,Mild Freeze
2002-05-01,-0.3191449338253676,-0.32797889326949353,-0.49354535439978553,0.6709059016785154,0.2889043241585437,0.2832985427583633,Mild Freeze
2002-06-01,-0.6678739219249914,-0.27431512748134496,-0.5376515671975486,0.5225269206048135,0.36343432056150216,0.3359023811760183,Severe Freeze
2002-07-01,-0.8418239722001133,-0.3889077113510352,-0.5202203043149977,0.44833743006796045,0.355368498808009,0.324492156950621,Severe Freeze
2002-08-01,-0.49454917278361216,-0.37146825672590533,-0.4418613753950597,0.45375231447664127,0.25467365148235194,0.2840600642827832,Mild Freeze
2002-09-01,-0.3203955360928531,-0.3285247072943753,-0.5440489341966633,0.4326324072368132,0.2421380425579886,0.2772140277620719,Mild Freeze
2002-10-01,-0.6678739219249914,-0.3077593371589498,-0.6472988471660068,0.33190812505145173,0.33483038924587505,0.3154873616417056,Severe Freeze
2002-11-01,-1.0170100828558892,-0.304584093131567,-0.6827437609683014,0.08280486179238869,0.36949365312125304,0.3621333569129268,Severe Freeze
2002-12-01,-1.0145234202077498,-0.2393490397762747,-0.5696005890773843,0.18352914397775008,0.38207602837165233,0.38915210574473136,Severe Freeze
2003-01-01,-1.0170100828558892,-0.2692596957564236,-0.711147104648107,0.20464905121758195,0.41588663574128865,0.42102135509094135,Severe Freeze
2003-02-01,-1.1882553421804032,-0.21237109581263047,-0.5845629092774968,0.29995844899426266,0.4651014011598831,0.40901973881449355,Severe Freeze
2003-03-01,-0.6687028094743712,-0.2138294963395325,-0.6982275621683063,0.23118384286609053,0.34607117954230887,0.402503608200837,Severe Freeze
2003-04-01,-0.6678739219249914,-0.12867325799453633,-0.8837430749329034,0.16240923673791818,0.39633824390031913,0.38699679461733544,Severe Freeze
2003-05-01,-0.8418239722001133,-0.169350190892191,-0.8925104068886902,0.10933965344090105,0.41858096040937837,0.335327016080941,Severe Freeze
2003-06-01,0.20269067511316685,-0.04729216164588024,-0.8572358601623079,0.1569943523292415,0.19106184393312559,0.29556160452038244,Mild Freeze
2003-07-01,-0.1470853288383051,-0.13313033418698716,-0.9160987826541858,0.17811425956906957,0.2770420092186433,0.26205642568074194,Mild Freeze
2003-08-01,-0.32164613836033845,-0.1666448030741816,-1.060990290131791,0.056270070143880115,0.31806542389045694,0.3237188686485564,Mild Freeze
2003-09-01,-0.8449504778688268,-0.11544312862393338,-0.744954063606015,0.02973527849536775,0.376049172836569,0.3145394589230546,Severe Freeze
2003-10-01,-0.49643961807167153,-0.15337549167885145,-0.6728704141687047,-0.017919420392972694,0.24950378004213802,0.26342809822116675,Mild Freeze
2003-11-01,-0.14750704355641064,-0.1655671261820552,-0.6683700785092779,0.00861537125553967,0.16473134178479323,0.21377190453044925,Mild Freeze
2003-12-01,-0.49706491920541424,-0.22072796673552394,-0.6444899505720678,-0.012504535984292216,0.22708059176441647,0.19037758728465284,Mild Freeze
2004-01-01,-0.14750704355641064,-0.23044664389733094,-0.7861926578956958,0.014030255664220151,0.1793208283047489,0.21004776447996154,Mild Freeze
2004-02-01,-0.49770476222598814,-0.26611015481738987,-0.6282227231702302,0.03515016290404824,0.22374187337071919,0.19655620162537077,Mild Freeze
2004-03-01,-0.49706491920541424,-0.23258245245836295,-0.4733257747999857,0.00861537125553967,0.18660590320064419,0.22620705441465838,Mild Freeze
2004-04-01,-0.8459974937206751,-0.34962901405896113,-0.5150401124761727,0.06168495455256061,0.2682733866726118,0.2253139399584745,Mild Freeze
2004-05-01,-0.49706491920541424,-0.3287595688922097,-0.6277250234943964,0.08821974620106916,0.22106253000216752,0.22510728639356925,Mild Freeze
2004-06-01,-0.6703751264599622,-0.27681718030124985,-0.283285984903764,0.06709983896123728,0.18598594250592843,0.13828756755637064,Mild Freeze
2004-07-01,0.02791173728866507,-0.43393496293025824,-0.35181429136489695,0.1412893294980901,0.007814230161015928,0.11663463251700468,Mild Freeze
2004-08-01,-0.49770476222598814,-0.4374104096733208,-0.42824610189420165,0.13587444508940963,0.15610372488406965,0.09676660258827029,Mild Freeze
2004-09-01,-0.14771062997204779,-0.4014743945054511,-0.5281073325462137,0.23118384286609053,0.1263818527197252,0.16105387638426763,Mild Freeze
2004-10-01,-0.49833006335973085,-0.3719230279856676,-0.44511332795587816,0.23118384286609053,0.20067605154900797,0.12234472743235027,Mild Freeze
2004-11-01,-0.14771062997204779,-0.41488791112898127,-0.1693637587556047,0.2577186345145991,0.03997627802831757,0.0998182592328759,Mild Freeze
2004-12-01,-0.32334753911959185,-0.4585829820742367,-0.2611055819989523,0.10933965344090105,0.05880244812130212,0.04666404311594139,Mild Freeze
2005-01-01,-0.14771062997204779,-0.4544732432593542,-0.23501749880535305,0.23659872727477102,0.04121340319820443,0.021049846012999474,Mild Freeze
2005-02-01,0.20375223285184632,-0.5109098849036323,-0.3782528362470154,0.18894402838643057,-0.03686631328050817,0.032414846799393764,Balanced
2005-03-01,-0.32334753911959185,-0.47742503846369155,-0.28906857399126856,0.23659872727477102,0.09289745048048498,0.008831129571548947,Mild Freeze
2005-04-01,0.02791173728866507,-0.5300360578938517,-0.19778318955774504,0.24201361168345156,-0.029537748485330015,0.0008632213153722581,Balanced
2005-05-01,0.20353410454937795,-0.5553726985756229,-0.19962354870854726,0.3162031022203006,-0.06077003804903823,0.008161468875904618,Balanced
2005-06-01,-0.49833006335973085,-0.580467498274584,-0.20939808251172967,0.33190812505145173,0.11479219316208206,0.04844028845022752,Mild Freeze
2005-07-01,-0.3224895677965496,-0.6152738060008343,-0.17769197302968576,0.48028710612515363,0.09129871023763868,0.023656021835514535,Mild Freeze
2005-08-01,0.3795927284150276,-0.5699501726267706,0.12430513995308136,0.5333566894221707,-0.1351228378931772,-0.06277771030531094,Balanced
2005-09-01,0.3795927284150276,-0.5435500451535565,0.18283504448648724,0.5279418050134939,-0.1445090032603944,-0.12304594204957302,Balanced
2005-10-01,0.20397036115431472,-0.592550992501201,0.015254900801715598,0.45375231447664127,-0.08950598499514753,-0.10096832455771708,Balanced
2005-11-01,0.02791173728866507,-0.6521682323849687,0.1180068926016173,0.5225269206048135,-0.06888998541760936,-0.07875731731289703,Balanced
2005-12-01,0.20397036115431472,-0.6480795839506799,-0.03913900563627591,0.5014070133649815,-0.07787598152593428,-0.09839972845937388,Balanced
2006-01-01,0.20375223285184632,-0.7434859540919201,0.1798513762167165,0.5333566894221707,-0.14843321843457805,-0.12250316687745015,Balanced
2006-02-01,0.20353410454937795,-0.6813761698001211,0.1444730116318558,0.46458208329400225,-0.14120030067183814,-0.18826528781174745,Balanced
2006-03-01,0.7321171489776013,-0.7320693900661631,0.1275797132140508,0.49111687494251083,-0.27516234432882614,-0.17411152391582393,Balanced
2006-04-01,0.20375223285184632,-0.7624700124060312,-0.1042872466251578,0.43804729164548983,-0.10597192674680746,-0.14250038651520983,Balanced
2006-05-01,-0.14750704355641064,-0.7101918897145636,0.1350194899041735,0.5122367821823427,-0.04636688846999594,-0.13319345598082374,Balanced
2006-06-01,0.38001444313313315,-0.8142971099535257,0.2857715327585234,0.49111687494251083,-0.24724155272566786,-0.17427460612029969,Balanced
2006-07-01,0.379171013696922,-0.715228649131467,0.2659240218867225,0.4434621760541706,-0.2292153771652352,-0.20716537886945466,Balanced
2006-08-01,0.02791173728866507,-0.7075858468527728,0.33577611767091653,0.49111687494251083,-0.1450392067174609,-0.15506478529986215,Balanced
2006-09-01,0.02791173728866507,-0.7869402730368708,0.06655874433304863,0.5176516665910231,-0.09093977201689032,-0.14298624484610767,Balanced
2006-10-01,0.3795927284150276,-0.8045888931633843,0.1584586515255152,0.5707212498880402,-0.19297975580397175,-0.1761610020793618,Balanced
2006-11-01,0.5554332239782089,-0.7864672835321451,0.2281945632864112,0.5918411571278721,-0.24456347841722328,-0.2444915404880911,Balanced
2006-12-01,0.7312737195413902,-0.8598654522278995,0.2586170248677447,0.6660306476647211,-0.29593138724307827,-0.27584409697656415,Balanced
2007-01-01,1.081675024626605,-0.7703379648826909,0.11054634030669049,0.814409628738423,-0.2870374252693908,-0.25216528502678615,Balanced
2007-02-01,0.5541535379370609,-0.7340307356411832,0.11960924324637498,0.7136853465530614,-0.17352704256788942,-0.19125699573474456,Balanced
2007-03-01,0.37831304237387975,-0.7188141730962414,0.19122839797594732,0.8355295359782546,-0.11320651936695349,-0.13181030349203302,Balanced
2007-04-01,0.379171013696922,-0.7316427084134575,0.011126226959197974,0.6871505549045528,-0.10869734854125618,-0.1272473458131401,Balanced
2007-05-01,0.379171013696922,-0.7810566843793648,0.16627553495310837,0.6871505549045528,-0.1598381695312106,-0.12948267591187565,Balanced
2007-06-01,0.20353410454937795,-0.7969757091787522,0.09210128929221441,0.612961064367704,-0.11991250966316011,-0.09188719981584496,Balanced
2007-07-01,-0.14728891525394228,-0.6945417630536379,0.11812650370883368,0.6817356704958726,0.004089079746835818,-0.049100048692367095,Balanced
2007-08-01,0.02791173728866507,-0.6890389476806585,0.13834654905799718,0.7293903693842128,-0.031476716160777,0.0375541875128485,Balanced
2007-09-01,-0.14750704355641064,-0.7047553814098578,-0.36693885703934914,0.7505102766240448,0.1400501989524867,0.05812185104295095,Mild Freeze
2007-10-01,-0.3229112825146551,-0.7002793167026131,0.03578447055066108,0.6763207860871917,0.06579207033714315,0.09844785754069009,Mild Freeze
2007-11-01,-0.14728891525394228,-0.6404116267130863,-0.14827234705320155,0.7028555777357042,0.08950130333244044,0.058357766391127885,Mild Freeze
2007-12-01,0.02791173728866507,-0.6379783837722214,-0.1374636431170633,0.6075461799590234,0.019779925503800068,0.05841581975071716,Mild Freeze
2008-01-01,-0.14644548581773117,-0.5416613396448946,-0.06723961836293522,0.5918411571278721,0.06596623041591099,0.02841421107441317,Mild Freeze
2008-02-01,0.02791173728866507,-0.5652132662601049,-0.02580454728352017,0.5653063654793636,-0.0005035226964715377,0.03185290387196079,Balanced
2008-03-01,0.20269067511316685,-0.5604184827812003,-0.2970669007609473,0.5864262727191917,0.030096003896442944,0.007359798945377572,Mild Freeze
2008-04-01,0.20311238983127242,-0.4790205296308924,-0.0710691936962992,0.5810113883105109,-0.007513084363838674,0.029707367212973373,Balanced
2008-05-01,0.20311238983127242,-0.46786003011160965,-0.38265255170614315,0.5544765966620023,0.06653918210631586,0.04260778114225261,Mild Freeze
2008-06-01,0.37873475709198534,-0.36662608533789676,-0.49260802015351096,0.5279418050134939,0.06879724568428068,0.08362749063385104,Mild Freeze
2008-07-01,0.37873475709198534,-0.2362547162994482,-0.6023014281187868,0.47487222171647286,0.11554604411095655,0.0902855339993957,Mild Freeze
2008-08-01,0.5541535379370609,-0.13474973151438835,-0.7138781620291581,0.3210783562340907,0.0865133122029499,0.10213194923371216,Mild Freeze
2008-09-01,0.5547933809576349,0.007573245688383756,-0.6434877445840805,0.3210783562340907,0.10433649138723004,0.12170340630317907,Mild Freeze
2008-10-01,0.5554332239782089,0.16604277759631358,-0.8714929180192719,0.21493918964005262,0.1742604153193573,0.20800431359546753,Mild Freeze
2008-11-01,0.20333051813374078,0.2941417215880401,-1.1555181181704421,0.13533481469451933,0.3454160340798152,0.362553266568106,Severe Freeze
2008-12-01,-0.49706491920541424,0.564118020008919,-1.303399003330961,-0.09264854132471206,0.5679833503051456,0.5271818846129052,Severe Freeze
2009-01-01,-0.8449504778688268,0.6497726064062381,-1.4773739836440647,-0.2995119901041113,0.6681462694537545,0.6292113054653353,Severe Freeze
2009-02-01,-0.6712185558961732,0.9417985034247578,-1.515080588942155,-0.5220804617146622,0.651504296637106,0.7163651244548496,Severe Freeze
2009-03-01,-1.194101180686556,1.1416375092731583,-1.6844496579805917,-0.7024091188455532,0.8294448072736882,0.7343529565286069,Severe Freeze
2009-04-01,-0.49706491920541424,1.2656741572110115,-1.8757638040175748,-0.7500638177338934,0.7221097656750268,0.751734369650583,Severe Freeze
2009-05-01,-0.322067853078444,1.425001822792949,-1.849537961931828,-0.7820134937910826,0.7036485360030346,0.7173477711831237,Severe Freeze
2009-06-01,-0.322067853078444,1.6068441644214502,-1.8535509215531072,-0.8773228915677634,0.7262850118713096,0.7239701466254728,Severe Freeze
2009-07-01,-0.49706491920541424,1.5676840325145363,-1.8546709983929626,-0.9515123821046162,0.7419768920020743,0.7456958850953117,Severe Freeze
2009-08-01,-0.6712185558961732,1.6190474907708858,-2.027892418826486,-1.2428554598433392,0.7688257514125514,0.7710304840836039,Severe Freeze
2009-09-01,-1.0220415756994934,1.7275100473709686,-1.930442428136852,-1.4708388158625705,0.8022888088361859,0.7647499654294445,Severe Freeze
2009-10-01,-0.8481060673112029,1.8026439530861382,-1.8344743290488041,-1.5926830052877599,0.7231353360395963,0.7490216586558684,Severe Freeze
2009-11-01,-1.0233067198538102,1.848483378313116,-1.5543866481911055,-1.539613421990739,0.7216408310918232,0.7391030849880682,Severe Freeze
2009-12-01,-1.3770962845707004,1.8820997430740085,-1.667307707824574,-1.8363713841381424,0.7725330878327852,0.6906359579362724,Severe Freeze
2010-01-01,-0.6745922736410176,1.7864062375987897,-1.6543590163779818,-1.8044217080809533,0.577733954884209,0.6482458727289325,Severe Freeze
2010-02-01,-0.8502146409017304,1.8119787362507425,-1.472455933919354,-1.756767009192613,0.5944705754698034,0.5607625822009719,Severe Freeze
2010-03-01,-0.324190968555803,1.8882697390824954,-1.4893297687732472,-1.661457611415932,0.5100832162489033,0.5436521856938451,Severe Freeze
2010-04-01,-0.32334753911959185,2.0155830642634602,-1.3485336945386608,-1.5818532364703988,0.5264027653628285,0.568179045137766,Severe Freeze
2010-05-01,-1.0245718640081267,1.956564829280855,-1.4954896299982356,-1.8044217080809533,0.6680511538015661,0.6483558871301592,Severe Freeze
2010-06-01,-1.1999906448532023,2.075042994174896,-1.4576535474203356,-1.7302322175441007,0.7506137422260833,0.7585486760860758,Severe Freeze
2010-07-01,-1.5527331937182445,1.907246628229757,-1.677057017278583,-1.7091123103042727,0.856981132230578,0.7898051767769138,Severe Freeze
2010-08-01,-1.3770962845707004,1.8108660745865879,-1.4996579685151308,-1.6403377041761,0.7618206558740799,0.7397001305782624,Severe Freeze
2010-09-01,-0.8534138560046002,1.8171971426773517,-1.3920410272544983,-1.661457611415932,0.6002986036301294,0.6763205637780297,Severe Freeze
2010-10-01,-1.2059382765671738,1.8176508758373093,-1.4270823757561582,-1.7833018008411214,0.66684243182988,0.5923389542540568,Severe Freeze
2010-11-01,-0.6780096170463558,1.7845371782912742,-1.4133278980091555,-1.8363713841381424,0.5098758273021609,0.5169328485907682,Severe Freeze
2010-12-01,-0.14942657261813244,1.857505532084563,-1.2726908426994814,-1.7833018008411214,0.3740802866402638,0.5282129568026116,Severe Freeze
2011-01-01,-1.20743609091079,1.737872643901193,-1.492345110817078,-1.6349228197674197,0.7006827564654102,0.5630658838768534,Severe Freeze
2011-02-01,-1.2089484471412375,1.6516763788518902,-1.2585712195223497,-1.661457611415932,0.6144346085248864,0.6438242305783423,Severe Freeze
2011-03-01,-1.20743609091079,1.7071872691885854,-1.159185974998456,-1.6083880281189111,0.6163553267447301,0.6555536741584996,Severe Freeze
2011-04-01,-1.5565577099548569,1.6535547061315177,-1.3948295441530867,-1.661457611415932,0.7358710872058823,0.6561530955385492,Severe Freeze
2011-05-01,-1.032249980255014,1.7067911905820217,-1.3131584407021837,-1.5872681208790793,0.616232872665035,0.6495512184032098,Severe Freeze
2011-06-01,-0.856627612994301,1.7781957438076084,-1.3917131287290392,-1.6403377041761,0.5965496953387122,0.5919084891517683,Severe Freeze
2011-07-01,-0.8598704537576644,1.7284639302953986,-1.2561202190409289,-1.5926830052877599,0.562942899451558,0.5611164424483516,Severe Freeze
2011-08-01,-0.681441502338525,1.7488459600963482,-1.1836329825351768,-1.5184935147509109,0.5238567325547848,0.5487348325574187,Severe Freeze
2011-09-01,-0.8587943541321537,1.8180206958532434,-1.180022209614527,-1.6192177969362684,0.5594048656659139,0.5368224874276425,Severe Freeze
2011-10-01,-0.8609610952700063,1.5988858223793978,-1.220539636647438,-1.5715630980479278,0.5272058640622286,0.534811837808805,Severe Freeze
2011-11-01,-0.8587943541321537,1.5708349273639153,-1.2024031825275943,-1.560733329230571,0.517824783698273,0.4891690861509364,Severe Freeze
2011-12-01,-0.5047575773391326,1.4778246200895784,-1.2415227829225783,-1.5341985375820586,0.4224766106923077,0.431599817055541,Severe Freeze
2012-01-01,-0.32807365233974023,1.4779392104882505,-1.1672978090980692,-1.5553184448218902,0.35449805677604246,0.3427472092776416,Severe Freeze
2012-02-01,-0.150299085828006,1.3495488487142944,-1.0605383517378881,-1.5553184448218902,0.2512669603645746,0.29310224585624073,Mild Freeze
2012-03-01,-0.32807365233974023,1.2704693663831537,-0.9502180256260557,-1.4545941626365289,0.2735417204281052,0.29725538493659215,Mild Freeze
2012-04-01,-0.5060663471539429,1.276269326682702,-1.04477898709159,-1.3592847648598478,0.3669574740170968,0.34266714856650243,Severe Freeze
2012-05-01,-0.5060663471539429,1.3737181234889375,-1.0771639981225294,-1.4069394637481885,0.3875022512543054,0.3680820208241969,Severe Freeze
2012-06-01,-0.32807365233974023,1.3842704120812603,-1.024966142003774,-1.33816485762002,0.3497863372011886,0.31339457983257835,Severe Freeze
2012-07-01,0.02791173728866507,1.204463203666281,-1.0685033931880494,-1.433474255396701,0.2028951510422411,0.29219318946766987,Mild Freeze
2012-08-01,-0.328509908944677,1.2207769421809724,-1.1532449332608585,-1.4069394637481885,0.3238980801595799,0.2786715683126869,Mild Freeze
2012-09-01,0.02791173728866507,1.2959459902205537,-1.29618673081573,-1.327335088802659,0.3092214737362399,0.2629809849378852,Mild Freeze
2012-10-01,0.5645073613608937,1.2867902904901836,-1.2018109716962042,-1.3008002971541504,0.15582340091783592,0.28848563264192995,Mild Freeze
2012-11-01,-0.5073751169687533,1.229356603526521,-1.1500116469145811,-1.285095274322999,0.4004120232717141,0.29324419657919315,Severe Freeze
2012-12-01,-0.328509908944677,1.106488019769615,-1.0910164245038043,-1.2320256910259781,0.32349716554802954,0.33005133432323136,Mild Freeze
2013-01-01,-0.6858040683878927,0.9877167528377191,-0.7296232929942101,-1.33816485762002,0.2662448141499505,0.3078656734059687,Mild Freeze
2013-02-01,-0.8642330198070322,1.0707518529800446,-0.685530563615627,-1.285095274322999,0.3338550405199262,0.3315046467855889,Severe Freeze
2013-03-01,-0.8642330198070322,1.028389176848632,-1.0177841193032353,-1.3327499732113393,0.39441408568689,0.3347522628471827,Severe Freeze
2013-04-01,-0.6866765815977662,0.9886953764286565,-0.7613286645238445,-1.3327499732113393,0.27598766233473204,0.29755716632618573,Mild Freeze
2013-05-01,-0.32938242215455055,0.9593651228794995,-0.8800118487080094,-1.2796803899143183,0.22226975095693527,0.2521332041510405,Mild Freeze
2013-06-01,-0.5073751169687533,0.9930814590584509,-0.8859821010697811,-1.3538698804511675,0.2581421991614544,0.21278248325213944,Mild Freeze
2013-07-01,-0.32938242215455055,0.9155022898081007,-0.6188829776154418,-1.2320256910259781,0.1579354996380287,0.23034512215714006,Mild Freeze
2013-08-01,-0.6866765815977662,0.8985495063752716,-0.7466302737406889,-1.2320256910259781,0.27495766767193713,0.25374942860137895,Mild Freeze
2013-09-01,-0.8642330198070322,0.8336670580893154,-0.7998913882179742,-1.1843709921376375,0.3283551184941711,0.3514902254135035,Mild Freeze
2013-10-01,-1.7541819519912143,0.859869897963725,-0.5763992668510308,-1.3858195565083604,0.45115789007440243,0.28858434551159723,Severe Freeze
2013-11-01,-0.33026947725125533,0.8371468026693405,-0.5259988279867673,-1.3484549960424905,0.08624002796621816,0.29705883763388014,Mild Freeze
2013-12-01,-1.0439707410409818,0.8612981479891756,-0.7629910886797325,-1.2531455982658097,0.35377859486102003,0.1959783157119287,Severe Freeze
2014-01-01,-0.33070573385619206,0.6430628596197212,-0.743783228190215,-1.1258865244319363,0.147916324308548,0.1702151917744741,Mild Freeze
2014-02-01,0.20744587210697765,0.6924595361329554,-0.5813660872446954,-1.0305771266552552,0.008950656153854486,0.04365895211707362,Mild Freeze
2014-03-01,0.20744587210697765,0.6677305926575268,-0.48785181689981205,-1.0516970338950873,-0.025890124111181523,0.02274595753765664,Balanced
2014-04-01,-0.33114199046112885,0.6234780781801663,-0.4854410264233208,-1.0993517327834277,0.08517734057029706,0.07798335338725808,Mild Freeze
2014-05-01,-0.8675194862308891,0.5135238567623802,-0.44349455624930206,-1.1258865244319363,0.17466284370265878,0.10106791105650886,Mild Freeze
2014-06-01,-0.33026947725125533,0.4028936694105414,-0.4335036151138724,-0.9932125661893858,0.04336354889657083,0.09858415643651823,Mild Freeze
2014-07-01,-0.6884361499043445,0.36015002736088786,-0.26094558017413433,-0.9986274505980661,0.07772607671032518,-0.0028572534807898196,Mild Freeze
2014-08-01,0.20744587210697765,0.29515877748627223,-0.3391994177246895,-0.9455578673010454,-0.12966138604926536,-0.03080024792841653,Balanced
2014-09-01,-0.33114199046112885,0.2945405765759793,-0.08923895635053143,-0.8767832611728769,-0.040465434446309304,-0.12879175206973953,Balanced
2014-10-01,0.5691753070337171,0.28363114308781706,-0.17548949283900855,-0.7549390717476838,-0.21624843571364383,-0.09115909068278076,Balanced
2014-11-01,-0.1516223975296475,0.20981177667714582,-0.2787965910989937,-0.7072843728593433,-0.016763401888389068,-0.09731578289075578,Balanced
2014-12-01,0.20788212871191442,0.198460261578033,-0.42789461241527005,-0.654214789562326,-0.05893551107023434,-0.07100174649412362,Balanced
2015-01-01,0.20766400040944605,0.1867356617608839,-0.07826312322755835,-0.6065600906739856,-0.13730632652374736,-0.06690538553423965,Balanced
2015-02-01,-0.33070573385619206,0.13507121117027382,-0.09635107796405902,-0.5800252990254734,-0.004474319008737123,-0.026212560428695363,Balanced
2015-03-01,-0.510007198485205,0.05980826588612371,-0.19400708551156998,-0.5112506928973047,0.06314296424639851,-0.029211926396330523,Mild Freeze
2015-04-01,0.3878525201351638,0.03453640483377717,-0.20515961995522736,-0.43706120236045215,-0.14630442442665284,-0.12257092433557314,Balanced
2015-05-01,0.7486948999651986,-0.01723328659326258,-0.06478413761305359,-0.43706120236045215,-0.28455131282646495,-0.16730011126798158,Balanced
2015-06-01,-0.1516223975296475,-0.11975489549678797,-0.11560042971560466,-0.4316463179517715,-0.07104459655082682,-0.16474602727360393,Balanced
2015-07-01,-0.15205865413458428,-0.1784779336137174,-0.030755981490698716,-0.5589053917856452,-0.13864217244351992,-0.07244278292732713,Balanced
2015-08-01,-0.6893232050010493,-0.1255381122553512,0.08851560340761189,-0.5058358084886243,-0.007641579787634523,-0.07242545812561488,Balanced
2015-09-01,-0.3320290455578336,-0.19164727937751447,-0.15567304426239395,-0.5800252990254734,-0.07099262214569008,-0.08003247272121143,Balanced
2015-10-01,-0.1518405258321159,-0.22030432160679328,-0.050290928767252864,-0.6276799979138138,-0.16146321623030957,-0.1477031119650427,Balanced
2015-11-01,0.02791173728866507,-0.22881401359362374,0.1065872223541127,-0.47930101684011195,-0.21065349751912837,-0.21085985563420118,Balanced
2015-12-01,0.02791173728866507,-0.21633084720110513,0.31830781128277974,-0.47930101684011195,-0.2604628531531655,-0.23001665096318238,Balanced
2016-01-01,0.20744587210697765,-0.20901696013964413,0.05957493472780879,-0.39969664189458237,-0.21893360221725325,-0.2528099624117102,Balanced
2016-02-01,0.387416263530227,-0.22462039319143753,0.17858991937944987,-0.3255071513577334,-0.2790334318647119,-0.2930774952105241,Balanced
2016-03-01,0.9277782362917432,-0.2006478904852417,0.09766331971222228,-0.29897235970922104,-0.38126545154960706,-0.3071579804806712,Loose
2016-04-01,0.3869654650384591,-0.23158308301329325,0.19595393047797338,-0.2301977535810527,-0.2611750580276946,-0.2864279365453131,Balanced
2016-05-01,0.20721320191767806,-0.261732939734111,0.24241879553856163,-0.15600826304419987,-0.21684330005863764,-0.2825464478484596,Balanced
2016-06-01,0.746920789771789,-0.32193746466406514,0.3012721232444725,-0.10835356415585942,-0.36962098545904654,-0.3462415619078567,Balanced
2016-07-01,1.109086481303465,-0.29730041394921763,0.22552653528682912,-0.17712817028403177,-0.4522604002058859,-0.4462576777598275,Loose
2016-08-01,1.2892895429160143,-0.32077828359302796,0.20618110312827628,-0.2513176608208808,-0.5168916476145498,-0.536554900447371,Loose
2016-09-01,1.6517024465238215,-0.3681738182831909,0.4603555767723454,-0.08181877250735085,-0.6405126535216771,-0.5529500660267518,Loose
2016-10-01,1.287733561025073,-0.3708795713974789,0.43485057115974013,0.08768011580617886,-0.5014458969440283,-0.509550260134772,Loose
2016-11-01,0.9266730528925701,-0.3974146672684575,0.31036131539959366,0.08768011580617886,-0.3866922299386106,-0.4248239313519229,Loose
2016-12-01,0.746920789771789,-0.4094511521836176,0.2860240469899298,-0.10293867974718271,-0.3863336671731298,-0.4177277062499865,Loose
2017-01-01,0.7451466795783794,-0.4202780326702301,0.535836189540575,-0.21936798476369151,-0.48015722163821906,-0.457274271973298,Loose
2017-02-01,0.9244481442073925,-0.48052830944119224,0.42351806167041217,-0.19283319311518293,-0.505331927108545,-0.46135267806881436,Loose
2017-03-01,0.5645073613608937,-0.5111882071576088,0.4741257612787306,-0.04445421204148128,-0.3985688854596786,-0.45120111503638766,Loose
2017-04-01,0.9233429608082193,-0.5633243217019784,0.3418781261489264,0.02973527849536775,-0.44970253254093906,-0.4415509381223918,Loose
2017-05-01,0.9233429608082193,-0.5378096796498146,0.39991873296671454,-0.04445421204148128,-0.4763813963665574,-0.44183596738591885,Loose
2017-06-01,0.5645073613608937,-0.5611015460197828,0.3588581674507093,-0.1132288181696534,-0.3994239732502598,-0.44009324380198694,Loose
2017-07-01,0.9222523192958774,-0.5282051099486251,0.31493548192777904,-0.012504535984292216,-0.4444743617891434,-0.39304687796327914,Loose
2017-08-01,0.38520589673188077,-0.5406860532635767,0.34408824171628855,-0.07098900368998987,-0.33524229885043394,-0.39659845773207486,Balanced
2017-09-01,0.7416275429652228,-0.5635635850786667,0.5186528661604483,0.18352914397775008,-0.41007871255664696,-0.3618994669580717,Loose
2017-10-01,0.20634068870780453,-0.6408106458251829,0.5229735945910874,0.00861537125553967,-0.3403773894671338,-0.3991974004358761,Balanced
2017-11-01,0.5638529764534885,-0.6552519713591263,0.5358150060986545,-0.033624443224120094,-0.44713609928384734,-0.4582847906108724,Loose
2017-12-01,0.9222523192958774,-0.6747585515850015,0.6022989132050314,-0.15005374824063286,-0.5873408830816358,-0.46029859499141157,Loose
2018-01-01,0.384769640126944,-0.676040332650981,0.19593139665627896,-0.128933841000801,-0.34641880260875124,-0.5011991863736367,Balanced
2018-02-01,0.9189658528720205,-0.7184093685916993,0.5715268989632685,-0.07044937329510327,-0.569837873430523,-0.48083028324738253,Loose
2018-03-01,0.7407550297553492,-0.7708118146345521,0.6870044810313409,0.09363463060974965,-0.5262341737028731,-0.5333814084057605,Loose
2018-04-01,0.5618898217312731,-0.7458453450055873,0.8021881762084307,0.09363463060974965,-0.5040721780838854,-0.5027253548570241,Loose
2018-05-01,0.38389712691707045,-0.8149261516787442,0.7851702959113569,0.07251472336991806,-0.47786971278431334,-0.5247221701835466,Loose
2018-06-01,0.9189658528720205,-0.798217512419899,0.7507646284562752,0.0990495150184304,-0.5922246196824411,-0.5206376839381687,Loose
2018-07-01,0.5612354368238679,-0.783665888681519,0.8221473490894062,0.19977379720378777,-0.4918187193477513,-0.5316027211720634,Loose
2018-08-01,0.5625442066386782,-0.8730130358748849,0.8229808754653656,0.2154788200349392,-0.5107648244859975,-0.45294202995921234,Loose
2018-09-01,0.02791173728866507,-0.8344684646719053,0.8046035938984328,0.24201361168345156,-0.3562425460438879,-0.5039824620624839,Balanced
2018-10-01,1.2753729572185313,-0.8331017214391369,0.8616779767297457,0.3903925927571496,-0.644940015657566,-0.5125234384072946,Loose
2018-11-01,0.9178752113596785,-0.8615320174221273,0.8518457758337441,0.4857019905338303,-0.53638775352043,-0.5689664272534586,Loose
2018-12-01,0.9167845698473365,-0.8185680835567374,0.7784458969224257,0.41151249999698125,-0.5255715125823796,-0.5836614849762669,Loose
2019-01-01,1.4518387539154551,-0.7756806236719659,1.0196982526590535,0.49111687494251083,-0.6890251888259908,-0.5954579992017511,Loose
2019-02-01,0.7364070055928127,-0.8631361217885255,1.0145989284438541,0.32703287103766154,-0.5717772961968827,-0.6110490088888655,Loose
2019-03-01,0.7372649769158551,-0.8522436897238105,1.0480222782127149,0.3481527782774897,-0.5723445416437227,-0.5241233863878413,Loose
2019-04-01,0.38258835710226013,-0.873165417719714,0.8265121959870205,0.36927268551732156,-0.42824832132291824,-0.4950175915836464,Loose
2019-05-01,0.5605810519164628,-0.8851174202323392,0.9090685593940522,0.416927384405662,-0.48445991178429804,-0.4235923854211023,Loose
2019-06-01,0.20503191889299419,-0.8324438880379722,0.9070366678757373,0.5122367821823427,-0.3580689231560903,-0.41662986303461746,Balanced
2019-07-01,0.02791173728866507,-0.9808203891335934,1.1064128807654277,0.4857019905338303,-0.40736075416346396,-0.4626305462501567,Loose
2019-08-01,1.0932503665442606,-0.9164371408375056,0.9766920976930877,0.4965317593511915,-0.6224619614309157,-0.5588969263600112,Loose
2019-09-01,1.4483632429627922,-0.8915569425215681,0.7494987122181264,0.501946643759872,-0.6468680634856537,-0.6070448135435297,Loose
2019-10-01,0.9113749879461206,-0.9298365733865342,0.8468328380434629,0.48082673652004004,-0.5518044157140194,-0.6204389593482238,Loose
2019-11-01,1.266269736062184,-0.9684202609493061,0.9920237326652224,0.5761361342967208,-0.6626443988449979,-0.6077649783944454,Loose
2019-12-01,1.2647719217185678,-0.9496494117482666,0.8236340749756733,0.6026709259452332,-0.6088461206243186,-0.6133193260331155,Loose
2020-01-01,1.085499540863217,-0.8903026562259575,1.0014628455615342,0.7033952081305906,-0.5684674586300296,-0.5503104916192932,Loose
2020-02-01,0.7329751203006436,-0.9376940864019015,0.8264733016568128,0.6026709259452332,-0.4736178956035312,-0.3970074668715913,Loose
2020-03-01,0.02791173728866507,0.6249222785904006,1.4347723385100393,0.24201361168345156,-0.14893704638121302,0.37613660299619234,Balanced
2020-04-01,-4.217897502711136,4.702290732025034,-0.5373761368043369,-2.4537053676472214,1.7509647509733213,0.9828400460991408,Severe Freeze
2020-05-01,-2.802622908748925,3.503920207600397,-0.9601963386692904,-1.8807697201973559,1.3464924337053141,1.3220102626533168,Severe Freeze
2020-06-01,-1.3873628566735456,2.745624365126257,-0.5218821902390856,-1.1805749989136245,0.8685736032813158,0.9657356285937931,Severe Freeze
2020-07-01,-1.5661989809239596,2.471889253064183,0.25620891372938936,-1.0533159250797546,0.6821408487947497,0.7398426999057625,Severe Freeze
2020-08-01,-2.0872784117472705,1.7824252550716921,0.3220014387001015,-0.8724476375539733,0.668813647641222,0.7111675376746899,Severe Freeze
2020-09-01,-3.137188099074936,1.5615774472304416,0.6695906507504997,-0.8989824292024857,0.7825481165880981,0.7065441467828907,Severe Freeze
2020-10-01,-2.606481939169353,1.4436952186315035,0.7434599406060637,-0.6336345127173847,0.668270676119352,0.7891254954788246,Severe Freeze
2020-11-01,-3.304972389333618,1.270062827697247,0.3704793271740655,-0.5383251149407038,0.916557693729024,0.7936435178135457,Severe Freeze
2020-12-01,-3.3009588285681994,1.1692849226536053,0.6841501801925669,-0.6016848366601918,0.7961021835922615,0.8379160413065708,Severe Freeze
2021-01-01,-3.4719423339297517,1.0804530729978972,0.7463575838737473,-0.6016848366601918,0.8010882465984274,0.7617428422943121,Severe Freeze
2021-02-01,-3.1295536084885422,1.1361207380212222,0.9649067063775971,-0.5486152533631745,0.6880380966922481,0.5897891522759077,Severe Freeze
2021-03-01,-1.9133574452458109,1.1151690119598465,1.4120163329913127,-0.4955456700661536,0.28024111353704784,-0.02684865671825672,Mild Freeze
2021-04-01,2.7613502049541614,0.9436402074080148,1.8132704477957953,-0.564320276194322,-1.048825180384066,-0.5024647534903955,Loose
2021-05-01,1.2908600666937866,0.7528806372262441,1.810701254355146,-0.6065600906739856,-0.7388101936241684,-0.7864331282709148,Loose
2021-06-01,0.38520589673188077,0.693617256325626,2.083816709914481,-0.5112506928973047,-0.5716640108045101,-0.6829241967912232,Loose
2021-07-01,1.1024408390215952,0.2688391997424838,2.032358247584821,-0.08723365691603135,-0.738298385944991,-0.6693756273650894,Loose
2021-08-01,0.7433725693849699,0.13792843307966304,2.2218243375869227,0.034610532509161705,-0.6981644853457669,-0.7694602948373461,Loose
2021-09-01,1.2861775791341319,-0.033558683999202796,2.372045210574478,0.20410942082269162,-0.8719180132212803,-0.7908662463665035,Loose
2021-10-01,0.9222523192958774,-0.24145405914556767,2.3089524722167996,0.2625938885283929,-0.8025162405324628,-0.9228996610850033,Loose
2021-11-01,1.8232094598112973,-0.3909340464414709,2.680027447948431,0.5171120361961328,-1.0942647295012666,-0.9692255718918839,Loose
2021-12-01,1.6416830864971068,-0.5382334441464983,2.529157469193917,0.6654910172698346,-1.0108957456419219,-1.0438216736583648,Loose
2022-01-01,1.8209990930129512,-0.7663619191759966,2.4692763817385512,0.951419210599877,-1.0263045458319056,-0.9910904306216487,Loose
2022-02-01,2.000300557641964,-0.7225541517435585,2.3860357699427395,1.3646064777637894,-0.9360710003911181,-1.0014331756994876,Loose
2022-03-01,2.174308775464411,-0.9123799000527442,2.6735970817676216,1.592589833783021,-1.0419239808754388,-0.9945948340085842,Loose
2022-04-01,1.9954435674403348,-0.9307514631182998,2.66301809461266,1.5660550421345125,-1.0057895207591956,-1.0024928714980157,Loose
2022-05-01,2.3531885253753186,-0.9320559503553836,2.1940605083783096,1.640244532671361,-0.9597651128594127,-0.8605954824569743,Loose
2022-06-01,1.2753729572185313,-1.0158976124251382,2.046759828069971,1.873103142704383,-0.6162318137523144,-0.690435296449467,Loose
2022-07-01,0.9167845698473365,-1.0513692457894126,1.9127199696628407,1.8996379343528953,-0.49530896273667363,-0.6210972311941046,Loose
2022-08-01,1.9858168383580632,-0.9930775374425733,2.007351601871092,1.979242309298425,-0.7517509170933259,-0.681753787492945,Loose
2022-09-01,1.8100054265685444,-1.0929659916524366,2.0784580261194225,1.7886235137450628,-0.7982014826488352,-0.7266006130581286,Loose
2022-10-01,1.4501082693825393,-1.073940147053475,1.7520231789807577,1.756673837687874,-0.6298494394322245,-0.6477929901523917,Loose
2022-11-01,0.7372649769158551,-1.0411213731273095,2.013064889500657,1.7301390460393615,-0.515328048376115,-0.5953915154969315,Loose
2022-12-01,1.0919561386162815,-1.0967298201556899,2.0686163919262284,1.6933141159683818,-0.6409970586824545,-0.5392796745918952,Loose
2023-01-01,1.2677820922926315,-1.000435175968219,1.2976873062245016,1.7198489076168904,-0.4615139167171155,-0.5705340015479979,Loose
2023-02-01,1.443186331250876,-1.0442510150562152,1.7218452615845143,1.7729184909139115,-0.6090910292444236,-0.483337493573806,Loose
2023-03-01,1.085499540863217,-1.0564632094043775,1.3446195596478745,1.9689521708759539,-0.3794075347598788,-0.4964804409061678,Loose
2023-04-01,1.616220242655631,-1.0392260444391854,1.1743128219729182,1.8259880742109322,-0.5009427587142006,-0.5045812617591863,Loose
2023-05-01,1.4363225606665373,-1.016452513561063,1.8591322683089089,1.7783333753225923,-0.6333934918034791,-0.5959179763586125,Loose
2023-06-01,1.9715367054897996,-0.9773394000119566,1.305578771797126,1.6407841630662512,-0.6534176785581577,-0.625191912473899,Loose
2023-07-01,1.9715367054897996,-0.9673508345336242,1.1046095901714084,1.688438861954592,-0.5887645670600601,-0.5663459971651094,Loose
2023-08-01,1.2572973918873176,-0.8775578907147847,1.1638529756590563,1.4712852747527176,-0.4568557458771103,-0.552810038440149,Loose
2023-09-01,1.6123811845321874,-0.9557549751973825,1.3067336256679143,1.4236305758643775,-0.6128098023832766,-0.5353712152717585,Loose
2023-10-01,1.4363225606665373,-0.936646195566168,1.1433846265542051,1.3705609925673568,-0.5364480975548884,-0.599193599317467,Loose
2023-11-01,1.7927005812393857,-0.9818886746622922,1.215798120371133,1.3970957842158689,-0.6483228980142355,-0.5196126401101456,Loose
2023-12-01,1.0842198548220694,-0.8906206249673575,0.8654534201746731,1.3440262009188482,-0.3740669247613129,-0.4495633274644459,Balanced
2024-01-01,0.9060381154790607,-0.8738630101695611,0.80055110761321,1.2752515947906757,-0.326300159617789,-0.3583403814841879,Balanced
2024-02-01,0.903929541888533,-0.9241882089441065,0.9722848759003949,1.3017863864391879,-0.3746540600734616,-0.32783043972747977,Loose
2024-03-01,0.5528883937827443,-0.8991886991143705,0.8368935948418063,1.158822289774167,-0.28253709949118855,-0.2850349298066774,Balanced
2024-04-01,0.3770624401063944,-0.9167374173753688,0.969139936692482,1.4712852747527176,-0.1979136298553819,-0.2122343191035009,Balanced
2024-05-01,0.37664072538828886,-0.8844946922933282,0.8351587689268292,1.4712852747527176,-0.15625222796393218,-0.1853118141137887,Balanced
2024-06-01,0.550997948494685,-0.7901935084755772,0.910637364222154,1.444750483104209,-0.20176958452205182,-0.22490493160714622,Balanced
2024-07-01,0.8997269365943089,-0.7576232926425632,0.8213135731761337,1.2118918730711878,-0.3166929823354545,-0.2466386443120655,Balanced
2024-08-01,0.7245262840517014,-0.7599304739843931,0.5655938804615129,1.1642371741828472,-0.22145336607869007,-0.21307172156833812,Balanced
2024-09-01,0.5503726473609423,-0.7221258349593348,0.34366865591438933,1.2118918730711878,-0.10106881629086967,-0.1396064829414332,Balanced
2024-10-01,0.20226896039506131,-0.7090024565112409,0.5585504481499706,1.0846327992373137,-0.0962972664547398,-0.09470077284285515,Balanced
2024-11-01,0.20226896039506131,-0.7010384872081781,0.33223661480385935,0.8885991192752756,-0.0867362357829558,-0.12171383718141622,Balanced
2024-12-01,0.37746961293766873,-0.7489494148395727,0.469492221484414,0.8674792120354438,-0.1821080093065529,-0.17066500792536257,Balanced
2025-01-01,0.3770624401063944,-0.7824396101806733,0.685995160903372,0.8728940964441241,-0.2431507786865789,-0.17927673009360814,Balanced
2025-02-01,0.02791173728866507,-0.729296761328057,0.608211021457832,0.915133910923784,-0.1125714022876925,-0.16999693182181783,Balanced
2025-03-01,-0.14644548581773117,-0.7506191892473292,0.901499873810405,0.8885991192752756,-0.15426861449118184,,Balanced
2025-04-01,0.20206537397942417,-0.6829179535933939,,,,,
