QuitsRate_z,QuitsPerLayoffs_z,TotalSeperations_z,TempHelpEmploymentYoY_z,QuitsRate_z,QuitsPerLayoffs_z,TotalSeperations_z,TempHelpEmploymentYoY_z,prediction,true_y,base_value
0.15138853534756594,-0.08712412203559679,0.11039307776290128,-0.02211898514506938,0.01886813132116756,0.09255914494717662,-0.08098998714202629,0.008615042151590797,0.04335157129110355,0.038134626482450265,0.004299240013195213
0.029418079811034913,-0.32140101465487564,0.15079339060958077,-0.06613186806219226,-0.04334417098003194,0.02004312650588549,-0.05031467397281598,0.00871723382891655,-0.060599244604850895,-0.05183035307411306,0.004299240013195213
0.16982592978913458,-0.19353412148617014,0.17484119587546143,-0.19072179123339486,0.005091761664248276,0.056818820983032,-0.052093233991348305,-0.018637663499147552,-0.004521074830020261,-0.009897196763742247,0.004299240013195213
0.027999818700145018,-0.11315806792042137,-0.012731685198407684,-0.19616898224586243,-0.054464488015215175,0.10183226004899439,-0.08879459143447155,-0.012933560506879962,-0.050061139894377445,-0.07351472916613662,0.004299240013195213
0.08614852424663073,-0.1487408511824133,0.0998120434459138,-0.2136899776811725,-0.0031333296485944705,0.06907760623649178,-0.08617573486570049,-0.01766434004776439,-0.03359655831237195,-0.04411756529276031,0.004299240013195213
0.17549897423269417,-0.275149219616566,0.25083226051564433,-0.2654669447278654,0.02592913500029348,0.013533365246522586,0.003661299052793689,-0.02995371760077547,0.017469321712029636,-0.028571232399023233,0.004299240013195213
-0.2825993645847421,-0.7073321636000605,0.07287850154812746,-0.3382799442638061,-0.15174382284970395,-0.1214274477048482,-0.07547174615452336,-0.002741966288037311,-0.3470857429839176,-0.3138332427251203,0.004299240013195213
0.05069199647438335,-0.30606627401273495,0.1257836731330649,-0.25896562884542484,-0.0436494546581586,0.031267339804030375,-0.08274675370353658,-0.012974728564984002,-0.10380435710945335,-0.09713905831267788,0.004299240013195213
-0.15070108127198184,-0.3888449832387097,-0.0031125630920554206,-0.2972388859325336,-0.07407121247084714,-0.004611157743498022,-0.08623844014476134,-0.02295989736165036,-0.18358146770756137,-0.20997437838382016,0.004299240013195213
-0.16630195349177068,-0.334159159825997,-0.07333215446842693,-0.3729095048951745,-0.08643417192968154,-0.013595161226059428,-0.08977362822129648,-0.041848701807777756,-0.2273524231716202,-0.23667569317034226,0.004299240013195213
-0.0613506312859184,-0.3626737760793789,0.026706715437636593,-0.3994085115963749,-0.07912701695698296,-0.005412581947534706,-0.08581652690573219,-0.038895074616894156,-0.20495196041394895,-0.19918155088100892,0.004299240013195213
-0.013129753515661955,-0.3408844393461782,0.09404057018210243,-0.5143359184935302,-0.05579837156916934,-0.017349532169283838,-0.08391792381710475,-0.05090956733448234,-0.20367615487684468,-0.19357738529331697,0.004299240013195213
-0.325147197911439,-0.4379234551859071,-0.1743329365851257,-0.5955755599909457,-0.18954749005316082,-0.03936994668666661,-0.09285175740381697,-0.035484101147278894,-0.35295405527772916,-0.3832447874183544,0.004299240013195213
-0.07553324239481736,-0.3326440661168734,0.04402113522907067,-0.6181349599299043,-0.0828233702096688,-0.01884777824973978,-0.08840561704337166,-0.058400450793643144,-0.24417797628322835,-0.2455727833031311,0.004299240013195213
-0.40173329789949336,-0.5242403888010615,-0.2589812111210256,-0.6811889643684502,-0.19937112734076853,-0.11991531926753933,-0.10203011122133711,-0.014343764981563034,-0.43136108279801255,-0.46653596554750765,0.004299240013195213
-0.4187524312301721,-0.767441317196929,-0.05794155909826332,-0.744926720234337,-0.20298999833068085,-0.20467245481271507,-0.08403090552886064,-0.02904395093603094,-0.5164380695950921,-0.49726550693992533,0.004299240013195213
-0.569088108984501,-0.7553242133795455,-0.2657145965954722,-0.8263142748086096,-0.2261172183937435,-0.21592758092220196,-0.10515841916501308,-0.04563506954658828,-0.5885390480143513,-0.6041102984420321,0.004299240013195213
-0.6314915978636565,-0.9014046936842068,-0.11084673068320076,-0.9134671980376365,-0.23772146906153918,-0.22972201365222142,-0.09942682620941168,-0.06579713145453495,-0.6283682003645111,-0.6393025550671751,0.004299240013195213
-0.5988715923131889,-0.7892671197459836,-0.2108856005892643,-0.9349173782304575,-0.23727687562040425,-0.22191548518621013,-0.10995057892453976,-0.06294328462284447,-0.6277869843408022,-0.6334854227197236,0.004299240013195213
-0.7704811867308662,-1.026839323867864,-0.15028513131924504,-1.2338311751636333,-0.2597846406979716,-0.2654223436743178,-0.09353960430261518,-0.21750414445773592,-0.8319514931194462,-0.7953592042704021,0.004299240013195213
-1.0399507977999465,-1.1999358899674317,-0.29072431407198807,-1.558890334376833,-0.29737544366318747,-0.3269653790737622,-0.13549937123121505,-0.31179567414911974,-1.0673366281040846,-1.0223753340540498,0.004299240013195213
-1.1434838588949088,-1.374890587579111,-0.23685723027641542,-1.7977688585350133,-0.324188702261205,-0.35040369005206023,-0.1462243003101687,-0.32672013525036375,-1.143237587860597,-1.1382501338213622,0.004299240013195213
-1.2966560588710174,-1.5015627983200783,-0.24647635238276766,-2.1147589472396704,-0.3666441389797943,-0.40077756030189793,-0.15479692075750986,-0.37342893582339026,-1.2913483158493921,-1.2898635392033835,0.004299240013195213
-1.3306943255323749,-1.5264293672116487,-0.2589812111210256,-2.243602965473256,-0.37388117972051393,-0.4161430800242898,-0.15757594855136522,-0.38463831117828917,-1.3279392794612586,-1.3399269673345762,0.004299240013195213
-1.4980491366173827,-1.592844118608547,-0.3859536229248755,-2.416115857991643,-0.4149088478812587,-0.43503543060017485,-0.17613548674332496,-0.4026998255935497,-1.4244803508051083,-1.473240684035612,0.004299240013195213
-1.6710769921459498,-1.707744290852839,-0.4148109892439323,-2.567142840147331,-0.6177020837967173,-0.468000728035902,-0.18445625816839165,-0.3272830171617179,-1.5931428471495312,-1.590193778097513,0.004299240013195213
-1.712206564361757,-1.5207635762555332,-0.893843270140275,-2.488648242612055,-0.6298381380081999,-0.48024638399394753,-0.20211839610414845,-0.3356391103777671,-1.6435427884708644,-1.6538654133424049,0.004299240013195213
-1.7093700421399771,-1.5363725394626737,-0.8534429572935954,-2.4951034943652597,-0.6270417123845728,-0.47678172696322135,-0.20057184785955334,-0.3332566928807867,-1.6333527400749375,-1.6485722583153763,0.004299240013195213
-1.7093700421399771,-1.5397465866979556,-0.8524810450829602,-2.3686853316386927,-0.6248920965666359,-0.47224199798126165,-0.19815345248159835,-0.3295227988860096,-1.6205111059023085,-1.6175707513898965,0.004299240013195213
-1.8937439865556636,-1.5558885117805379,-1.0929590977417667,-2.294088352424701,-0.6321248551593093,-0.475903536898886,-0.1999976966907168,-0.3359416994344348,-1.639668548170151,-1.7091699871256671,0.004299240013195213
-1.791629186571591,-1.5432413369572833,-0.9573294760421999,-2.1196582616636013,-0.6234138042673733,-0.464960388118433,-0.1969617018939199,-0.31956731623235923,-1.6006039704988881,-1.6029645653086688,0.004299240013195213
-1.7448265699122245,-1.4109931240339857,-1.0823780634247793,-1.7516826681360298,-0.59619288206639,-0.4089796097821065,-0.18075235276380477,-0.27167774603406625,-1.4533033506331698,-1.4974701063767548,0.004299240013195213
-1.5320874032787402,-1.1926889242888052,-1.076606590160968,-1.148219635194374,-0.38196822385805507,-0.35174516015654056,-0.16890401489700138,-0.20897460013741231,-1.1072927590358117,-1.2374006382307219,0.004299240013195213
-1.5944908921578955,-1.3252459151387372,-0.983301105729351,-0.6855788536313784,-0.5023919942062502,-0.384559276253739,-0.16096124893569408,-0.02893011355120063,-1.0725433929336872,-1.1471541916643404,0.004299240013195213
-1.628529158819253,-1.2261521698403952,-1.136245147220352,-0.10129305084914293,-0.5289635107121506,-0.35219889693475825,-0.14412835134476232,0.008881782746457434,-1.0121097362320177,-1.0230548816822858,0.004299240013195213
-1.4838665255084837,-1.0827766701578359,-1.0679493802652509,0.27701702836082376,-0.33834705634347967,-0.2882314800742031,-0.14445621515397358,-0.014539958001798744,-0.7812754695602596,-0.8393938868926867,0.004299240013195213
-1.466847392177805,-1.1610441046379705,-0.9929202278357032,0.7326692606916908,-0.33518456469689134,-0.28451496816052596,-0.16539592870488257,0.07936751429841885,-0.701428707250685,-0.7220356159899468,0.004299240013195213
-1.4086986866313191,-0.9558339987595411,-1.1314355861671759,1.198660746433138,-0.30589870723612794,-0.23848868797714934,-0.1732791407395149,0.13438440847463518,-0.5789828874649635,-0.5743268812812246,0.004299240013195213
-1.5278326199460706,-1.0510731335908652,-1.1516357425905157,1.4513230480807051,-0.3335860768322923,-0.24307326575853572,-0.16789418831006736,0.17720978913620786,-0.5630445017514936,-0.5698046120116866,0.004299240013195213
-1.3888430310788606,-1.2357861598525026,-0.779375717074683,1.7144958523485454,-0.29054897617827025,-0.26905454984340377,-0.1584099892816785,0.22093484446002443,-0.4927794308301341,-0.42237726391437524,0.004299240013195213
-1.5675439310509875,-1.4014833249456458,-0.8197760299213626,1.680791347642722,-0.40272919379310884,-0.3224652933589879,-0.1793473598127914,0.20896410380031388,-0.6912785031513762,-0.5270029845688184,0.004299240013195213
-1.4867030477302634,-1.144029976186459,-1.0265871552079362,1.8091445914856261,-0.305304173634958,-0.23306196536791685,-0.1611537577234841,0.2192438043754625,-0.47597685233770093,-0.4620438969097581,0.004299240013195213
-1.411535208853099,-1.0417600964750404,-1.0352443651036531,1.836668847041755,-0.28299007744388693,-0.21322875337796374,-0.15651590619732222,0.21692278273117918,-0.43151271427480203,-0.4129677058475094,0.004299240013195213
-1.4810300032867039,-1.0015760402783915,-1.1901122310159247,1.8055100751476247,-0.3045159729128923,-0.21937091147316398,-0.16803766228008135,0.20073523591941164,-0.4868900707335327,-0.4668020498583488,0.004299240013195213
-1.422881297740218,-1.0654298602670196,-1.0140822964696783,1.5970957868913092,-0.2927399499264173,-0.22278392301795188,-0.15921075842323323,0.20477173462674048,-0.4656636567276691,-0.47632441689640176,0.004299240013195213
-1.2952377977601275,-0.9870984517498185,-0.9419388806720362,1.639710516976716,-0.27547077567906675,-0.20375210997779494,-0.1505500625602094,0.20594170113539953,-0.4195320070684787,-0.3961411533013165,0.004299240013195213
-1.5008856588391624,-1.0959043208129027,-1.077568502371603,1.2419123659605882,-0.3277276015016318,-0.26242632389733184,-0.17204652229695677,0.14441003727009277,-0.6134911704126327,-0.6081115290157699,0.004299240013195213
-1.3221847588670357,-0.9027198831894706,-1.042939662788735,1.3427775736931753,-0.28730221134063805,-0.21042397051765985,-0.16307552024808927,0.17144703576080056,-0.4850554263323953,-0.4812666827880165,0.004299240013195213
-1.2158151755502935,-0.8726946089422852,-0.9419388806720362,1.3404817548759818,-0.2740674432011147,-0.1995350733492779,-0.15234634546363096,0.16916530819985715,-0.4524843138009745,-0.42249172757215825,0.004299240013195213
-1.4299726032946676,-1.0146732588413347,-1.0871876244779555,1.169615563556586,-0.3127320010770292,-0.24898000544614024,-0.17047546597542962,0.1407579580667297,-0.5871302744186744,-0.590554480764343,0.004299240013195213
-1.3122569310908063,-1.0457814617566001,-0.8967290067721806,0.9569350922028091,-0.3021426816169106,-0.24457745725667968,-0.15826256299939095,0.13382250027271603,-0.5668609615870708,-0.5744580768541946,0.004299240013195213
-1.371823897748182,-1.117321989515186,-0.9121196021423442,0.7721266304384351,-0.313941978565252,-0.2651713476141804,-0.1568368490689015,0.08864421969665816,-0.6430067155384799,-0.6572847147418193,0.004299240013195213
-1.2824734477621185,-0.9698559354091443,-0.9313578463550488,0.7170954314039918,-0.30096128043374437,-0.23953808360981477,-0.15527016688321274,0.07783992908417016,-0.6136303618294083,-0.61664794953058,0.004299240013195213
-1.2186516977720732,-0.9281336366678103,-0.9121196021423442,0.7974923442894524,-0.29425136376731076,-0.23177799554367287,-0.15773521631328144,0.11224493491595285,-0.567220400695118,-0.5653531480731937,0.004299240013195213
-1.2044690866631742,-0.9461553518185811,-0.8784526747701114,0.7920398107634918,-0.2925544066551124,-0.22992848781753764,-0.15608305545926207,0.10981686656233072,-0.5644498433563881,-0.5592593256220937,0.004299240013195213
-1.2668725755423296,-0.9070213162679311,-0.9342435829869544,0.7155428287888166,-0.29573061005842477,-0.22657797958016015,-0.15449913050032102,0.08130831007711319,-0.5912001700485991,-0.5981486615020997,0.004299240013195213
-1.207305608884954,-0.9869623688435706,-0.8216998543426329,0.6544747505488546,-0.2909602859899828,-0.23326550731063414,-0.14611562042030773,0.07657672627614386,-0.5894654474315877,-0.5903732703805757,0.004299240013195213
-1.289564753316568,-0.9296193613166783,-0.9977297888888794,0.5385076618055503,-0.3107030323136356,-0.24400143570078509,-0.15838548473984138,0.053843689102606763,-0.6549470236384617,-0.6696015604291438,0.004299240013195213
-1.220069958882963,-0.878786628462562,-0.9265482853018726,0.7574600825552278,-0.29059138268195495,-0.21971188913295356,-0.15136364311577072,0.09189418070171905,-0.5654734942157676,-0.5669861975230426,0.004299240013195213
-1.0782438477939735,-0.8965346043858379,-0.7428230530705444,0.7761516818293012,-0.2664805843644472,-0.2035480362406821,-0.1376985397168814,0.10862942107956096,-0.494798499229258,-0.4853624558552637,0.004299240013195213
-1.0257681866910475,-0.7333407055076445,-0.8120807322362807,0.6240373106345959,-0.26860227713961965,-0.1755784165054516,-0.14042640109097868,0.0910155293899392,-0.48929232533291794,-0.4867880784500943,0.004299240013195213
-1.072570803350414,-0.8694709010261832,-0.758213648440708,0.6694225480639905,-0.2664657816525238,-0.20573128741233546,-0.13759849361399556,0.0906426572663574,-0.5148536653993051,-0.5077082011883287,0.004299240013195213
-1.0668977589068545,-0.9537631496545723,-0.6581747785346446,0.7004650534657211,-0.264371836924038,-0.2110374322464735,-0.13298590115576586,0.09672258858304576,-0.5073733417300389,-0.4945926584075876,0.004299240013195213
-1.047042103354396,-0.8655119651672515,-0.7110799501195819,0.8450553933227571,-0.26527496772402226,-0.2027094847716489,-0.14112481589720066,0.1367531522024463,-0.46805687617723335,-0.4446446563296181,0.004299240013195213
-1.1605029922255876,-0.7528999819542077,-0.9332816707763192,0.9255078114190969,-0.2757462244319238,-0.20245304269331874,-0.15618347753622275,0.13207063174533476,-0.49801287290293744,-0.4802942083842544,0.004299240013195213
-1.1647577755582572,-0.9425301060293483,-0.7726423316002364,0.7609229391130345,-0.2784006244663429,-0.2167927948337408,-0.1418314832691934,0.1001589285363529,-0.5325667340197318,-0.5297518185187018,0.004299240013195213
-1.3335308477541548,-0.9631680396921587,-0.9900344912037976,0.5152803328739904,-0.3164833803871384,-0.2539603393826175,-0.15994047664586078,0.0483184423052573,-0.677766514097165,-0.6928632614440302,0.004299240013195213
-1.2129786533285136,-0.9703222131705052,-0.8274713276064444,0.5439850995818754,-0.2921967961832338,-0.2396626991859949,-0.14702804235964434,0.06122576996460848,-0.6133625277510709,-0.6166967736308969,0.004299240013195213
-1.1519934255602482,-0.9607802675795181,-0.7447468774918149,0.565582751308059,-0.28215281159991545,-0.22832385007176512,-0.1371745985992802,0.07244717601620443,-0.5709048442415632,-0.5729844548308806,0.004299240013195213
-1.1902864755542752,-0.7473942746889298,-0.9650247737272817,0.4656172749016001,-0.29021094189239194,-0.20816129854611742,-0.15112693759173018,0.06334643341736039,-0.5818535045996858,-0.6092720622672216,0.004299240013195213
-0.8655046811604892,-0.4868851030503832,-0.7447468774918149,0.4141440881576257,-0.2593559558065374,-0.08352292839430435,-0.1407874769531538,0.07557443402657092,-0.4037926871142315,-0.42074814338626537,0.004299240013195213
-0.8399759811644711,-0.4488253279463532,-0.7966901368661171,0.3131050625787134,-0.2634626185856808,-0.051509298136952174,-0.13376254957208045,0.029538856612283792,-0.41489636966923543,-0.44309659584955696,0.004299240013195213
-1.086753414459313,-0.7779909521355287,-0.8467095718191489,0.40239534056912246,-0.27838222421593783,-0.20532761420604778,-0.14544590705405827,0.057468802094335206,-0.5673877033685156,-0.577264649461217,0.004299240013195213
-0.8428125033862509,-0.6206979258569232,-0.672603461694173,0.42697587104403895,-0.2552525412202198,-0.11843836886512184,-0.13702101240160958,0.07968626581277427,-0.42672641666098365,-0.427284504973327,0.004299240013195213
-0.9307446922614244,-0.7297663762250806,-0.6533652174814684,0.42290460968436855,-0.2715595410939673,-0.15092690223356023,-0.1345203111931078,0.07600116873052876,-0.4767063457769121,-0.4727429190709012,0.004299240013195213
-0.9747107866990112,-0.6712323137194675,-0.783223365917224,0.3790673282100931,-0.2776961763938653,-0.1380328898715347,-0.13961074161539666,0.07142755223876675,-0.4796130156288356,-0.5125247845314025,0.004299240013195213
-0.7477890089566279,-0.4514910812396679,-0.6735653739048081,0.34521825207442475,-0.24930436605589643,-0.04644929130916817,-0.1280109377755521,0.035956160501963715,-0.383509194625459,-0.38190680300666985,0.004299240013195213
-0.814447281168453,-0.6296017055710441,-0.6043076947390719,0.36663665277212615,-0.24994923451655232,-0.11674186252301084,-0.12618690148539685,0.06709175252648499,-0.421487005985281,-0.4204300071766108,0.004299240013195213
-0.8343029367209115,-0.7298924423029792,-0.5792979772625559,0.5021011228544564,-0.25139930034170355,-0.14557615957255962,-0.13034712604985063,0.0860048572970985,-0.43701848865382087,-0.4103480583579976,0.004299240013195213
-0.7350246589586188,-0.38876602501889657,-0.7418611408599092,0.40399540780438303,-0.2651501278217405,0.006514978299425351,-0.15340055143193382,0.062131341542065836,-0.345605119398988,-0.3654141042582604,0.004299240013195213
-0.7080776978517108,-0.3019493366830993,-0.7255086332791103,0.40019182095503647,-0.2677591376298963,0.06401077854456248,-0.15038809911705453,0.05717177268488669,-0.2926654455043077,-0.33383596171472096,0.004299240013195213
-0.8555768533842599,-0.6009318124709424,-0.7014608280132297,0.47672186073324313,-0.2521896464070981,-0.11944722197338697,-0.13633136808949123,0.08899586063386498,-0.4146731358229177,-0.4203119082837972,0.004299240013195213
-0.8215385867229025,-0.6222579003472073,-0.6600986029559149,0.3967296062213009,-0.25287255358925864,-0.11832411361596572,-0.13345779538963806,0.07404059973118216,-0.42631462285048577,-0.426791370951181,0.004299240013195213
-0.6797124756339129,-0.4771361296621654,-0.5504406109434992,0.4309678460334132,-0.24062264389173682,-0.033201658554742344,-0.13436794333430116,0.07929690618174495,-0.3245960995858414,-0.31908034255154105,0.004299240013195213
-0.6258185534200968,-0.35125037948894555,-0.5802598894731912,0.4021307011711768,-0.2448216939932515,0.026885058646252385,-0.1419971641615664,0.06277699150209351,-0.29285756799327844,-0.2887995303027642,0.004299240013195213
-0.5903620256478495,-0.4120732671794791,-0.5042688248330083,0.3953490497720815,-0.24205232874080262,0.030374481021865383,-0.13493198221983382,0.06446921572422767,-0.27784137420134913,-0.27783876697206383,0.004299240013195213
-0.5775976756498404,-0.32730813578749024,-0.528316630098889,0.3976061461570959,-0.23459376490930675,0.03268315576198814,-0.13499473754191876,0.06532276459629519,-0.2672833420797483,-0.258904073844781,0.004299240013195213
-0.5435594089884829,-0.3759303651039159,-0.48984014167347995,0.39998035881128674,-0.23094413851526807,0.03091235612982699,-0.13106181390414307,0.06517941944656606,-0.26161493682982384,-0.252337389238648,0.004299240013195213
-0.3648585090163561,-0.2822571469478563,-0.35902008102708916,0.4536313193887593,-0.21637919412716236,0.09920947051787944,-0.12222977037803673,0.08446134526174837,-0.150638908712377,-0.13812610440063555,0.004299240013195213
-0.4839924423311073,-0.2447752626353334,-0.4792591073564924,0.48384570925956516,-0.22977890087137084,0.107511572271485,-0.13152804540362462,0.08068456425962708,-0.1688115697306895,-0.181045275765842,0.004299240013195213
-0.2244506590382564,-0.09094503188118569,-0.25609547448911996,0.5353497583849706,-0.09862901959255377,0.12384043607243198,-0.11533149542846372,0.06972675371231435,-0.016094085223076832,-0.009035351755897869,0.004299240013195213
-0.24430631459071495,-0.2774400929008305,-0.17721867321703139,0.533712303020081,-0.0952382558336984,0.07540678763368287,-0.10830745163075292,0.06763574918076984,-0.05620393063680378,-0.041313194422123944,0.004299240013195213
-0.4116611256757226,-0.23437673579694263,-0.4225062869290141,0.4861878349782187,-0.22195705408849012,0.11376566535051662,-0.12708771628899826,0.08384502594341073,-0.14713483907036698,-0.14558907835586515,0.004299240013195213
-0.4797376589984376,-0.46037207155454835,-0.28302901638690625,0.4562120465611409,-0.20635180058772642,-0.015000437617618143,-0.11424149434912859,0.09110933665662996,-0.2401851558846491,-0.19173167509468783,0.004299240013195213
-0.17906630348977975,-0.16830582034654795,-0.2262761959594279,0.5075066717788763,-0.09817064404534956,0.114137445477757,-0.11319116331447929,0.06746759373253772,-0.02545752813633968,-0.01653541200421982,0.004299240013195213
-0.21168630904024735,-0.14256393774095932,-0.24262870354022675,0.4137028213224035,-0.10099319754563038,0.10916543914702605,-0.11373598422158845,0.05711126970397886,-0.044153232903019174,-0.04579403224975746,0.004299240013195213
-0.1932489145986787,-0.42344960206360727,-0.01850315846221904,0.3815425117776341,-0.07316971273946404,0.00425990221341188,-0.09621707364496879,0.06484624564654838,-0.09598139851127772,-0.06341479083671775,0.004299240013195213
-0.26274370903228356,-0.3180903862172496,-0.17048528774258478,0.36639423739820576,-0.11017990434497257,0.047852501111518425,-0.09879671423893988,0.05334591601087238,-0.1034789614483265,-0.09623128639847806,0.004299240013195213
-0.20884978681846755,-0.06881847321284737,-0.28495284080817673,0.40393926429431065,-0.10583499644180516,0.11462766755587571,-0.12933148995657753,0.054837993876867164,-0.061401584952445146,-0.03967045913629526,0.004299240013195213
-0.19041239237689891,-0.22226382662785232,-0.1377802725809871,0.3973892037004058,-0.0947722773489371,0.09892699317621977,-0.10344937941893204,0.056323567982482343,-0.03867185559597261,-0.038266821971333145,0.004299240013195213
-0.17906630348977975,-0.03484198944530052,-0.26282885996356653,0.33697580811132993,-0.08744221047576618,0.12483853323467196,-0.10001308269111595,0.028897484133140312,-0.02942003578587601,-0.03494033619682922,0.004299240013195213
-0.015966275737441745,-0.03350212813507714,-0.08583701320668488,0.2813432968052943,-0.049052421825472974,0.12893763657693455,-0.08462867666011654,0.022984003141220285,0.02253978124575981,0.03650946993152263,0.004299240013195213
-0.1592106479373212,-0.391604135657477,-0.01080786077713723,0.19753512896555508,-0.0635262186571264,0.006519341782888078,-0.07914060147353674,0.024723474694971385,-0.10712476363960885,-0.09102187885159509,0.004299240013195213
-0.11382629238884455,-0.2058742873456076,-0.08583701320668488,0.23428370133701013,-0.08564273620262507,0.11110794419586134,-0.08334330833058454,0.018523210115564986,-0.035055650208588994,-0.04281347290103172,0.004299240013195213
0.009562424258576376,-0.025562347966018528,-0.03100801720047698,0.2091346962655383,-0.04078989750070047,0.12842877516600953,-0.08289865577722436,0.022893070341795226,0.03193253224307464,0.04053168883940479,0.004299240013195213
0.23506594089006977,0.08821045323714276,0.0998120434459138,0.27189727517593426,0.08334831603051931,0.10639522151394679,-0.06832193275404976,0.030338998328611835,0.1560598431322222,0.17374642818726516,0.004299240013195213
-0.02163932018100133,-0.08653746918518436,-0.02138889509412472,0.11665277949781098,-0.0554067108607382,0.11958528312379825,-0.0831895521642101,0.01918220258936062,0.0044704627014048445,-0.0032282262406248576,0.004299240013195213
0.14713375201489626,-0.10709284110585919,0.13828853187132284,0.10414647870088681,0.019504435635549825,0.0876390774878046,-0.06301032457159049,0.01594519551170531,0.06437762407666396,0.07061898037031167,0.004299240013195213
0.03792764647637429,-0.11397747883263824,0.011316120067472974,0.09343783491120458,-0.04288480211199797,0.10891165092360038,-0.08149438866029401,0.01789158163961366,0.006723281804116833,0.007176030655603401,0.004299240013195213
0.09182156869019031,0.04304337086442217,-0.01080786077713723,0.04659585855360432,0.014438273954305423,0.09927159575204221,-0.09373740113314984,0.013273538709602645,0.037545247295995385,0.04266323433276989,0.004299240013195213
0.1684076686782447,0.009204480187268098,0.0526783451247877,-0.07758205167147289,0.02136877414541356,0.09776132035029865,-0.08944224909592378,0.005755136833988177,0.03974222224697202,0.0381771105797069,0.004299240013195213
0.18117201867625374,0.13887640489532438,-0.0031125630920554206,-0.06674562835662891,0.030844592043862144,0.11312457694336951,-0.09141295956934285,0.006687912458591662,0.06354336188967567,0.06254755803072345,0.004299240013195213
0.10884070202086907,0.0741850946105445,-0.05409391025572241,-0.05259797035938707,0.013541831977309158,0.09900333288552231,-0.09693873849340293,0.00470221486316576,0.024607881245789248,0.019083479004076018,0.004299240013195213
0.15280679645845582,-0.05398418400663691,0.07961188702257405,-0.07112688485094042,0.01839766995894376,0.09078296379860505,-0.08769364891572694,0.004080886712550642,0.029867111567567828,0.026826903655863137,0.004299240013195213
0.22230159089206072,0.4710679662390338,-0.13104688710654053,0.014106349293479316,0.07648302340351826,0.12224493840098352,-0.08744475623087102,0.014572919434267138,0.13015536502109248,0.1441072548295083,0.004299240013195213
0.2605946408860879,0.3489130475069398,0.0036208223823911635,-0.045360865503639825,0.07407529326533123,0.11710586574289354,-0.08120568185338818,0.010314783281378569,0.12458950044940996,0.14194191131794476,0.004299240013195213
0.1925181075633729,0.1450070945178648,0.01708759333128433,-0.014957498857671288,0.04246582804834839,0.10992544139933981,-0.08978782487071879,0.012224081024865675,0.0791267656150303,0.08491382413871269,0.004299240013195213
0.14004244646044678,0.18237488149736067,-0.04832243699191106,-0.1220735575951045,0.015621467163142484,0.10975082036343702,-0.09341253226217636,0.00157767096202156,0.037836666239619544,0.038005333342697956,0.004299240013195213
0.422276407527536,0.3139794447334564,0.1911937034562603,0.019328101162017924,0.12005676213316843,0.1032386268093446,-0.020632760026108286,0.017599407825361128,0.22456127675496088,0.23669441421981763,0.004299240013195213
0.28186855754943635,0.27710351974130987,0.0526783451247877,0.013108752924125465,0.08217050532593473,0.11873361270681262,-0.07145075588141142,0.015222718294128888,0.14897532045865958,0.15618979383491488,0.004299240013195213
0.36838248531372,0.2469355214055597,0.15271721503085123,0.03542661965483706,0.1003351378082398,0.109523657857131,-0.03782800573488689,0.02075055128701534,0.19708058123069372,0.20086546035124198,0.004299240013195213
0.1953546297851527,0.21788763343771844,-0.02908419277920653,0.04727343234324266,0.047202358409608354,0.11722727502941747,-0.09313226640703001,0.015740889500300365,0.09133749654549153,0.10785787569672682,0.004299240013195213
0.31307030198901403,0.15519957153122438,0.143098092924499,0.1834750965408988,0.09665678302154486,0.10039112509835604,-0.03712224166511203,0.026744873060304798,0.19096977952828786,0.19871076574640903,0.004299240013195213
0.37405552975727957,-0.07248059155027481,0.32874714957709766,0.1721232605125418,0.07686048385426622,0.032452240284846084,0.07543549441638797,-0.004665854715870207,0.1843816038528251,0.20061133707416107,0.004299240013195213
0.2932146464365555,-0.03749726404237567,0.20850812324769435,0.1856649430973269,0.08111165790188103,0.07506894103732102,-0.02025076674559482,0.021600895425089958,0.1618299676318913,0.16247261218480025,0.004299240013195213
0.30172421310189484,0.030360981479417067,0.20466047440515345,0.19664234070443237,0.0888281977203777,0.08208912604504597,-0.01812250454484282,0.026331791505831693,0.18342585073960735,0.18334700242272445,0.004299240013195213
0.4251129297493158,0.24244261741608877,0.16137442492656828,0.09721615615821846,0.12654017186255462,0.10638769652060857,-0.031360490816041815,0.026769108347858724,0.23263572592817475,0.23153653206254782,0.004299240013195213
0.46624250196512274,0.18633248114661344,0.2652609436751727,0.16711510692420767,0.14747042283225312,0.07061032359079586,0.028441085794306126,0.009595205020798178,0.26041627725134825,0.27123775842777914,0.004299240013195213
0.4194398853057562,0.30844333283154307,0.15560295166275692,0.14866600898437057,0.12852015600229896,0.11130673550277205,-0.03772981174204404,0.032099220937584765,0.23849554071380638,0.2580380446961067,0.004299240013195213
0.47049728529779244,0.3710165220535881,0.12289793650115922,0.14812845604376526,0.17620034622476888,0.11715341299535462,-0.06284202576718155,0.03244746633035153,0.26725843979648767,0.2781350499740763,0.004299240013195213
0.18259027978714365,-0.13814393730123048,0.16041251271593304,0.1526741322206694,0.03461206805387868,0.07569925129085414,-0.05411202917722302,0.0177987897853906,0.07829731996609494,0.0893832468556289,0.004299240013195213
0.47049728529779244,0.30093947720060626,0.19023179124562506,0.20331688205883156,0.17009015990782103,0.09657070507319841,-0.021180637851762947,0.03245223712459378,0.28223170426704525,0.2912463589507138,0.004299240013195213
0.613741657497672,0.35558053032506814,0.364337901370601,0.19179777458916825,0.18417712847848172,0.05278723534298188,0.12270698993521259,-0.016801141890033743,0.3471694518798366,0.38136446594562734,0.004299240013195213
0.680399929709497,0.5268254344094935,0.30758508094312265,0.22542942312509004,0.23483247980734628,0.06860908578136692,0.08753680651285056,-0.0019439206920692424,0.39333369142269,0.4350599670468008,0.004299240013195213
0.6974190630401758,0.44812241895924015,0.3566426036855192,0.145438155754835,0.2463646335305817,0.06297713456600348,0.1266368398941737,-0.027934194983138056,0.4123436530208158,0.4119055603599425,0.004299240013195213
0.6974190630401758,0.3640454945952601,0.42782410727252596,0.10921008263396736,0.24134591543996545,0.05222060824599425,0.1273223244364569,-0.030932205867627884,0.3942558822679832,0.39962468688548225,0.004299240013195213
0.7598225519193311,0.43385222532282613,0.43840514158951344,0.08144775472881334,0.2600142922643106,0.06099140923922884,0.12863448984971493,-0.03336663565278794,0.42057279571366146,0.42838191839012096,0.004299240013195213
0.7555677685866614,0.43640536680389347,0.40570012642791575,0.09126656693912802,0.25979608590031156,0.06242033816092569,0.12809837234834429,-0.03355296847325895,0.42106106794951825,0.4222349571893997,0.004299240013195213
0.7101834130381848,0.47717461591458604,0.3585664281067897,0.12121688065713043,0.25186003340587504,0.061985941488123926,0.12746950459108147,-0.03119317201342803,0.4144215474848469,0.41678533442917276,0.004299240013195213
0.8052069074678078,0.4515159263702704,0.4624529468553941,0.07533217828600403,0.26467652341789494,0.06514149511809401,0.13290636468169492,-0.03286074542179859,0.4341628778090803,0.44862698974486903,0.004299240013195213
0.8803747463449723,0.28785393344945825,0.6461781790867224,0.04369596084703344,0.28163288672885584,0.05068251120496951,0.1582590299253974,-0.043194787521167274,0.45167888035125103,0.4645257049320466,0.004299240013195213
0.7328755908124231,0.3579477142241132,0.41628116074490323,-0.010797608262046931,0.2502213606726832,0.04759189647426858,0.12518941599035177,-0.03944583430108285,0.3878560788494144,0.3740767143798482,0.004299240013195213
0.8888843130103117,0.7173807747269614,0.4114715996917271,-0.10057603481875325,0.2978558847839127,0.06786025541506353,0.1351091613861352,-0.03827934794975774,0.4668451936485505,0.47929016315256173,0.004299240013195213
0.9314321463370085,0.6304044499580798,0.5115104695977907,-0.17305002764511995,0.3006380094818745,0.0688545461478948,0.1375697209943443,-0.04323349172962694,0.4681280249076832,0.4750742595619398,0.004299240013195213
0.9059034463409904,0.7608459128331984,0.40570012642791575,-0.19901132317881048,0.29711546818296863,0.06742987306447425,0.1330882527606788,-0.04840434132494523,0.4535284926963732,0.4683595406058235,0.004299240013195213
0.8661921352360733,0.23967130881878243,0.6307875837165587,-0.16650416219491135,0.25572956895606375,0.038510234386405044,0.15349279610916564,-0.05507879568989407,0.3969530437749355,0.39253671639412585,0.004299240013195213
0.8250625630202664,0.5348577893003793,0.4182049851661737,-0.14920724419058268,0.26319731019280646,0.06112300913119673,0.12804683365095074,-0.04365926683750505,0.413007126150644,0.4072295233240592,0.004299240013195213
0.8278990852420461,0.5273807888983124,0.43551940495760777,-0.14007915314592506,0.2642872784988618,0.061707601780311976,0.12968255200583434,-0.042993891181772985,0.41698278111642956,0.4126800314880103,0.004299240013195213
1.0831860852022273,0.5988296596458224,0.6904261407759428,-0.1479645105503476,0.3449451392904339,0.05936616867752953,0.18134477495081455,-0.05204548902013744,0.5379098339118363,0.5561193437684112,0.004299240013195213
0.9215043185607793,0.538122092446699,0.5153581184403315,-0.12032665188701504,0.2972173851773597,0.06541987334484514,0.13669577062740373,-0.03956914931958305,0.4640631198432212,0.46366446939019873,0.004299240013195213
0.789606035248019,0.18194071544446866,0.6096255150825837,-0.09943867140089992,0.24630216733561863,0.02141040970907685,0.14592655038257107,-0.054296070021347974,0.3636422974191143,0.37043339859354285,0.004299240013195213
0.7966973408024685,0.43511131869146336,0.49034840096381566,-0.15776310624424558,0.26282448130907565,0.0587894127000536,0.12893244018835223,-0.045958385591216934,0.4088871886194593,0.39109848855337553,0.004299240013195213
0.9229225796716691,0.5879498085157426,0.5326725382317656,-0.17348957381211755,0.29730119514556,0.06641787047332347,0.1476469928394199,-0.04778788779826149,0.46787741067323807,0.467513838151765,0.004299240013195213
0.8463364796836148,0.27782733373170954,0.6250161104527473,-0.17411926541232153,0.2527651835394438,0.03940105519041673,0.15387307241516676,-0.056454810029186266,0.3938837411290364,0.3937651646139375,0.004299240013195213
0.9541243241112468,0.5598832250313659,0.5961587441336905,-0.1549876855333498,0.29428853632412266,0.06250511109574733,0.1641555820671247,-0.04740237309977285,0.47784609640041914,0.48879465193573834,0.004299240013195213
0.8605190907925138,0.2502216595171092,0.6182827249783007,-0.20575877170368423,0.2542758574136485,0.037122705179789245,0.15144174346411213,-0.059751162002397995,0.3873883840683473,0.38081617589605987,0.004299240013195213
0.06061982425061262,-2.4248133307796684,10.728941970965163,-0.2533070840824165,0.29040204666172115,-0.17038722725367625,0.8755932371415154,-0.010349312234036883,0.989557984328717,2.0278603450884227,0.004299240013195213
-1.275382142207669,-2.4397896967534534,6.165630443711651,-3.1256066543088914,-0.3740243126714106,-0.23695862140030116,0.5995332336050968,-0.18504711311733563,-0.1921975735707594,-0.16878701238959082,0.004299240013195213
-0.895288164489177,-1.0046186660387868,-0.38787744734614593,-2.8936134280209767,-0.30362162806746334,-0.28584835233950573,-0.1623329534524206,-0.41499485351823995,-1.162498547364433,-1.2953494264737717,0.004299240013195213
-0.420170692341062,-0.8346595808834023,0.0526783451247877,-2.309941036742541,-0.2375997914950511,-0.25242089218657676,-0.0651985528644095,-0.355188769951085,-0.9061087664839246,-0.8780232412105544,0.004299240013195213
0.18400854089803353,0.0164162742023641,0.0671070282843161,-1.8837268457797767,0.039129979322718646,0.08728833119477794,-0.11130985737275342,-0.2878636347306308,-0.2684559415726922,-0.4040487505987657,0.004299240013195213
0.05778330202883283,0.40278094811744575,-0.29649578733579945,-1.5567008450355717,-0.03546299061252278,0.14922388385422827,-0.14620604248206676,-0.22758898057034804,-0.2557348897975159,-0.34815809555627314,0.004299240013195213
0.4180216241948663,0.6657025512336395,0.0016969979611207108,-1.5140586140910157,0.1132040413464681,0.12249880357896448,-0.09679069124007265,-0.22214042896378383,-0.07892903526522975,-0.10715936017534727,0.004299240013195213
0.5967225241669931,0.5263625728731345,0.22582254303912844,-1.171207755002958,0.1840595780816867,0.10071350522222793,-0.033642502652514415,-0.1676406113535748,0.08778920931101902,0.04442497126907452,0.004299240013195213
0.45205989085622383,-0.19347896444820628,0.49034840096381566,-0.8909579380137634,0.05131048364589602,-0.013019260972599495,0.11063200061208353,-0.12800613031411548,0.025216332984460174,-0.03550715266048257,0.004299240013195213
0.6789816685986071,0.2124407667655781,0.4614910346447589,-0.6211411167491764,0.17626063861932825,0.020066123448559427,0.11971337554471562,-0.0978003291875122,0.22253904843828612,0.1829430883149419,0.004299240013195213
0.5598477352838559,0.5800901133585884,0.1036596922884547,-0.35847605305456604,0.1891249755897913,0.1187443369424773,-0.07156523988972083,-0.027067345417359782,0.2135359672383825,0.22128037196908323,0.004299240013195213
0.7640773352520008,0.798459182342279,0.2498703483050091,-0.18010930994950342,0.2756960008075254,0.10041806051492441,-0.005156396836896707,-0.016481231372584452,0.3587756731261637,0.40807438898744636,0.004299240013195213
1.0931139129784566,1.3975087931594494,0.3422139205259908,0.013776187247783947,0.34409531207311334,0.249963935889026,0.1333247284143851,-0.06987809954801794,0.6618051168417037,0.7116532034779202,0.004299240013195213
1.4448426684791507,1.8648776369988518,0.5499869580231997,3.8934201834209903,0.5392529323727577,0.6252091984285018,0.3057584458201536,0.3009930225643766,1.7755128391989894,1.9382818617305482,0.004299240013195213
1.3413096073841884,2.0422883024590437,0.39800482874283394,3.3683487626272184,0.5102739670241894,0.629219363123986,0.24298739428367194,0.27216153165837864,1.6589414961034246,1.787487875303321,0.004299240013195213
1.5526305129067828,2.436527260011303,0.538444011495577,2.5160510585028133,0.5297959917751961,0.631145714398113,0.2956242445776859,0.2549605001006785,1.715825690864869,1.760913210729119,0.004299240013195213
1.617870524007718,2.1495812671512544,0.6105874272932189,1.9714785519102846,0.5046837249280551,0.5947389499880883,0.27738312566382817,0.22656458738287888,1.607669627976047,1.5873794425906191,0.004299240013195213
1.7469322850986986,2.458719178408232,0.6846546675121313,1.4600259145903463,0.5118908943408633,0.6044774205931589,0.28213797016353276,0.2057586395229223,1.6085641646336781,1.587583011402352,0.004299240013195213
2.027747985054898,2.3637674209418504,0.9482186132261834,1.390265027870344,0.529733888037787,0.6045247352030148,0.3133487188566675,0.20588822018352765,1.6577948022941973,1.6824997617733188,0.004299240013195213
1.7596966350967076,2.688058670634253,0.6606068622462508,1.442490677139308,0.5174346609347885,0.6172380372315671,0.2831350632551842,0.2144051660017611,1.6365121674365013,1.63771321127913,0.004299240013195213
2.27027063501707,2.8045664596286954,1.082886322715115,1.223554068313302,0.5662291535753187,0.6538868667435157,0.34755785135234607,0.22950029919625498,1.8014734108806312,1.8453193714185456,0.004299240013195213
2.1227714794845207,2.642626042524317,0.9838093650196867,1.1015972723560299,0.5383237290724394,0.6236916895681114,0.3197470692882926,0.21023445772727176,1.6962961856693133,1.7127010398461386,0.004299240013195213
2.1468819183696493,2.442318182462313,1.1002007425065492,0.8288133041936839,0.5370704285275605,0.608180533254778,0.32244931611750793,0.179523760065969,1.6515232779790114,1.6295535368830487,0.004299240013195213
2.029166246165788,2.394126825196411,0.9232088957496675,0.9651245221832118,0.5259040662799098,0.5954212846536221,0.30265087695803017,0.18881997472751533,1.6170954426322752,1.5779066223237694,0.004299240013195213
2.281616723904189,2.7535530223870657,1.0713433761874924,0.8670445155547067,0.5594612078531588,0.6368205279793151,0.32968015638483483,0.19980098550889366,1.7300621177393964,1.7433894095083633,0.004299240013195213
2.2220497572468134,2.8238389010528717,0.9799617161771459,0.991128731282723,0.5537541632361794,0.6420156275857769,0.3220270248507522,0.219158102521097,1.7412541582070022,1.7542447764398883,0.004299240013195213
1.9412340572906142,2.016835787703264,0.9559139109112652,0.9584028158477282,0.5128259627148511,0.5543728288198332,0.2986128253476379,0.1697481378792139,1.5398589947747345,1.4680966429382178,0.004299240013195213
1.7710427239838267,1.9184140911657865,0.8366367967924971,0.7263064216158844,0.4939679393599413,0.5328598891673167,0.27228201061017443,0.06966987339037159,1.3730789525410025,1.3131000083894988,0.004299240013195213
1.5809957351245807,1.884488819199206,0.6500258279292632,0.5758184700370955,0.45820082476281093,0.5030611936178868,0.24065228364798089,-0.0148972672456717,1.1913162747962067,1.1728322130725364,0.004299240013195213
1.8575566517481104,1.6540453434863909,1.01940011681319,0.5254778235364655,0.48412644225641005,0.4453854778283883,0.2703576708835141,0.007506913097482897,1.211675744078996,1.264119983896039,0.004299240013195213
1.7313314128789097,2.062213096599149,0.712550121620553,0.49882823261739867,0.4804255652793891,0.5220524775434349,0.2557584215087609,0.005942722139233684,1.2684784264840165,1.2512307159290026,0.004299240013195213
1.495900068471187,1.5737078154986952,0.6077016906613133,0.07842474607038041,0.4479527300569687,0.3888264228791403,0.19096531888367874,-0.1449888030955713,0.8870549087374117,0.938933580175394,0.004299240013195213
1.6873653184413229,1.9658746445823794,0.7144739460418233,-0.08575302672159014,0.4675690597381314,0.5007170225506692,0.2277458072933733,-0.13287321116421735,1.0674579184311541,1.0704902205859839,0.004299240013195213
1.819263601754083,1.8851113011165492,0.8731894607966357,-0.3361250559827356,0.48454738973039563,0.5028989055462293,0.23540655815876693,-0.1622849467166978,1.0648671467318895,1.060359826921133,0.004299240013195213
1.3370548240515188,0.6324892399247454,0.87030372416473,-0.37320326241958734,0.4142653562070427,0.06534718877727012,0.20464597809275034,-0.067352256694166,0.6212055063960924,0.6166611314303516,0.004299240013195213
1.468953107364279,1.5525891210740692,0.6240541982421122,-0.6168558715956417,0.4679165711878558,0.28085550359443734,0.19463686737949437,-0.15327149243517318,0.7944366897398123,0.7571851387712047,0.004299240013195213
1.31861742960995,0.791085740008261,0.7587219077310438,-0.7455680206510831,0.3919758325194267,0.06055281670018938,0.19674211467153396,-0.08841337159268124,0.5651566323116648,0.5307142641745429,0.004299240013195213
1.033546946321081,0.8606344455850539,0.47207206896174636,-0.644939987770755,0.3041414959482648,0.06122926633162784,0.1372750688016189,-0.08195651488586164,0.42498855620884624,0.43032836827428156,0.004299240013195213
1.5923418240117,1.708019814356286,0.6933118774078484,-0.6586047929057278,0.45200404966446545,0.4125181246225152,0.20360105609138682,-0.19806843119575734,0.8743540391958073,0.8337671807175265,0.004299240013195213
1.1328252240833736,1.0436905774285297,0.5259391527573191,-0.7366216033588812,0.3610405638124605,0.059510192596824635,0.15092915677677904,-0.08605113193816478,0.4897280212610975,0.4914583377275853,0.004299240013195213
0.952706063000357,0.8265360380197198,0.4230145462193498,-0.8071104295381378,0.28666826229752074,0.057415968627994446,0.13044960206947062,-0.11255137585840028,0.3662816971497822,0.34878655442532225,0.004299240013195213
1.0321286852101912,0.8487658549627669,0.5192057672828725,-0.8491903742715307,0.2975505269250396,0.05978522486063395,0.13648584224414395,-0.10940585009573953,0.3887149839472733,0.387727483296075,0.004299240013195213
1.060493907427989,1.1754845308296402,0.3960810043215635,-0.9334902292705193,0.3217847825047174,0.06440931295250349,0.13739572408738382,-0.10431716141981345,0.4235718981379886,0.42464230332716846,0.004299240013195213
0.9470330185567973,0.9434979701183789,0.376842760108859,-0.9558887235312576,0.28488106898859583,0.054470306516580594,0.12582564384572473,-0.12270226263487977,0.3467739967292178,0.3278712563131944,0.004299240013195213
0.9342686685587883,1.1671551024768727,0.2960421344155,-0.9430183746186064,0.2962263723438518,0.087830473929851,0.03824098857556564,-0.09612510315957919,0.33047197170288384,0.3636118827081387,0.004299240013195213
0.680399929709497,0.6868400057205524,0.21235577209023526,-0.9105618462759928,0.2167956047745594,0.08514192036714212,-0.04069688652897436,-0.09504253278478131,0.1704973458411402,0.16725846531107302,0.004299240013195213
0.6562894908243688,0.5786874024020405,0.2960421344155,-0.8825737148805748,0.17154013819530728,0.06809708440764463,0.027662707777825233,-0.10154633967721922,0.1700528307167519,0.16211132819033364,0.004299240013195213
0.8193895185767067,0.7178958500980184,0.34125200831535557,-0.8922150508372404,0.25345837449228975,0.05970047625312224,0.07767650662385575,-0.10965336003551458,0.28548123734694736,0.2465805815382101,0.004299240013195213
0.6222512241630113,0.717074316636841,0.14117426850322853,-0.8328345527557236,0.19299192952547914,0.09568771160955515,-0.05278975295963169,-0.08228925556299617,0.15789987262560057,0.16191631413683924,0.004299240013195213
0.7428034185886524,0.8687224698182929,0.25660373377945567,-0.8050882639623845,0.25791697637105504,0.09194788776849497,-0.002018332412649058,-0.08519032538553682,0.2669554463545585,0.2657603395560041,0.004299240013195213
0.6591260130461486,0.6357133422205782,0.18542223019244894,-0.8189677380500114,0.19339810719945555,0.09370020653382903,-0.04676744975252212,-0.08042055046938558,0.164209553524571,0.16532346185229105,0.004299240013195213
0.558429474172966,1.0181504524154894,-0.05505582246635764,-0.7998896010387294,0.18106020190761832,0.11938056595508362,-0.08593461698254255,-0.0694115737474215,0.14939381714593206,0.18040862577084213,0.004299240013195213
0.708765151927295,0.5119989737739878,0.3008516954686761,-0.7804771153867016,0.22822190910997336,0.06607076209615347,0.025290973727057787,-0.10322079483547603,0.22066209011090362,0.1852846764458143,0.004299240013195213
0.40667553530774714,0.39128755266990023,0.04690687186097635,-0.7706795830133213,0.07710146677882018,0.11019634437236554,-0.07857894218741833,-0.08969713376636168,0.023320975210600933,0.018547594206325596,0.004299240013195213
0.27619551310587676,0.05064645239104508,0.07287850154812746,-0.7353658148763427,0.047571594803505715,0.0690361084119306,-0.08590149781986502,-0.08907698316359833,-0.05407153775483122,-0.08391133695782334,0.004299240013195213
0.46340597974334297,0.2665661867874798,0.15752677608402738,-0.813335476433072,0.10746052818404153,0.08687223411300418,-0.04630965189005206,-0.09663624881082683,0.05568610160936219,0.018540866545444512,0.004299240013195213
0.2010276742287123,0.1713085156006153,-0.032931841621747435,-0.6564452638820897,0.024994307580876354,0.09358413066671227,-0.1069063556958934,-0.07417108226763312,-0.058199759702742576,-0.07926022891862738,0.004299240013195213
0.2903781242147757,0.36096956860507484,-0.03774140267492357,-0.5771223095338008,0.06282546415476803,0.10735732099503799,-0.08911014102630262,-0.06479564694509655,0.02057623719160199,0.00912099515278153,0.004299240013195213
0.5187181630680489,0.5160161909960861,0.1450219173457694,-0.5695314351446176,0.15934699922371393,0.09443417126716888,-0.04976412158794923,-0.06481632169914789,0.14349996721697994,0.1525562090663217,0.004299240013195213
0.5102085964027095,0.31211247898796907,0.1873460546137194,-0.5279456569999014,0.15695578914665737,0.08870848923071913,-0.04399347328013098,-0.05918743278149561,0.14678261232894427,0.12043036825112416,0.004299240013195213
0.626506007495681,0.8471867732836154,0.01516376891001388,-0.5078935855141582,0.21234313427355597,0.11786866385342683,-0.08165303977805784,-0.040592567684871426,0.21226543067724774,0.245240741043788,0.004299240013195213
